new_order,old_order,line-type,p1_x,p1_y,p2_x,p2_y,rx,ry,bezier p3_x,bezier p3_y,bezier p4_x,bezier p4_y,filled,work,travle_type
0,0,0,60,3,70,3,#NAME?,#NAME?,#NAME?,#NAME?,#NAME?,#NAME?,#NAME?,1,drawn_seg 
1,1,0,85,10,85,25,#NAME?,#NAME?,#NAME?,#NAME?,#NAME?,#NAME?,#NAME?,1,drawn_seg 
2,2,0,84,25,84,10,#NAME?,#NAME?,#NAME?,#NAME?,#NAME?,#NAME?,#NAME?,1,drawn_seg 
3,3,0,86,10,86,25,#NAME?,#NAME?,#NAME?,#NAME?,#NAME?,#NAME?,#NAME?,1,drawn_seg 
4,4,0,83,25,83,10,#NAME?,#NAME?,#NAME?,#NAME?,#NAME?,#NAME?,#NAME?,1,drawn_seg 
5,5,0,87,10,87,25,#NAME?,#NAME?,#NAME?,#NAME?,#NAME?,#NAME?,#NAME?,1,drawn_seg 
6,6,0,82,25,82,10,#NAME?,#NAME?,#NAME?,#NAME?,#NAME?,#NAME?,#NAME?,1,drawn_seg 
7,7,0,88,10,88,25,#NAME?,#NAME?,#NAME?,#NAME?,#NAME?,#NAME?,#NAME?,1,drawn_seg 
8,8,0,81,25,81,10,#NAME?,#NAME?,#NAME?,#NAME?,#NAME?,#NAME?,#NAME?,1,drawn_seg 
9,9,0,89,10,89,25,#NAME?,#NAME?,#NAME?,#NAME?,#NAME?,#NAME?,#NAME?,1,drawn_seg 
10,10,0,90,25,80,25,#NAME?,#NAME?,#NAME?,#NAME?,#NAME?,#NAME?,#NAME?,1,drawn_seg 
11,11,0,80,25,80,10,#NAME?,#NAME?,#NAME?,#NAME?,#NAME?,#NAME?,#NAME?,1,drawn_seg 
12,12,0,80,10,90,10,#NAME?,#NAME?,#NAME?,#NAME?,#NAME?,#NAME?,#NAME?,1,drawn_seg 
13,1,0,80,10,10,15,#NAME?,#NAME?,#NAME?,#NAME?,#NAME?,#NAME?,1,1,drawn_seg 
14,14,1,50,40,51,40,1,1,#NAME?,#NAME?,#NAME?,#NAME?,#NAME?,1,drawn_seg 
15,15,1,50,40,52,40,2,2,#NAME?,#NAME?,#NAME?,#NAME?,#NAME?,1,drawn_seg 
16,16,1,50,40,53,40,3,3,#NAME?,#NAME?,#NAME?,#NAME?,#NAME?,1,drawn_seg 
17,17,1,50,40,54,40,4,4,#NAME?,#NAME?,#NAME?,#NAME?,#NAME?,1,drawn_seg 
18,18,1,50,40,55,40,5,5,#NAME?,#NAME?,#NAME?,#NAME?,#NAME?,1,drawn_seg 
19,19,1,50,40,56,40,6,6,#NAME?,#NAME?,#NAME?,#NAME?,#NAME?,1,drawn_seg 
20,20,1,50,40,57,40,7,7,#NAME?,#NAME?,#NAME?,#NAME?,#NAME?,1,drawn_seg 
21,21,1,50,40,58,40,8,8,#NAME?,#NAME?,#NAME?,#NAME?,#NAME?,1,drawn_seg 
22,22,1,50,40,59,40,9,9,#NAME?,#NAME?,#NAME?,#NAME?,#NAME?,1,drawn_seg 
23,2,1,50,40,51,40,10,10,#NAME?,#NAME?,#NAME?,#NAME?,1,1,drawn_seg 
24,24,0,100,55,101,85,#NAME?,#NAME?,#NAME?,#NAME?,#NAME?,#NAME?,#NAME?,1,drawn_seg 
25,25,0,101,84,101,86,#NAME?,#NAME?,#NAME?,#NAME?,#NAME?,#NAME?,#NAME?,1,drawn_seg 
26,26,0,99,86,99,84,#NAME?,#NAME?,#NAME?,#NAME?,#NAME?,#NAME?,#NAME?,1,drawn_seg 
27,27,0,102,84,102,86,#NAME?,#NAME?,#NAME?,#NAME?,#NAME?,#NAME?,#NAME?,1,drawn_seg 
28,28,0,98,86,98,84,#NAME?,#NAME?,#NAME?,#NAME?,#NAME?,#NAME?,#NAME?,1,drawn_seg 
29,29,0,103,84,103,86,#NAME?,#NAME?,#NAME?,#NAME?,#NAME?,#NAME?,#NAME?,1,drawn_seg 
30,30,0,97,86,97,84,#NAME?,#NAME?,#NAME?,#NAME?,#NAME?,#NAME?,#NAME?,1,drawn_seg 
31,31,0,104,84,104,86,#NAME?,#NAME?,#NAME?,#NAME?,#NAME?,#NAME?,#NAME?,1,drawn_seg 
32,32,0,96,86,96,84,#NAME?,#NAME?,#NAME?,#NAME?,#NAME?,#NAME?,#NAME?,1,drawn_seg 
33,33,0,105,84,105,86,#NAME?,#NAME?,#NAME?,#NAME?,#NAME?,#NAME?,#NAME?,1,drawn_seg 
34,34,0,95,86,95,84,#NAME?,#NAME?,#NAME?,#NAME?,#NAME?,#NAME?,#NAME?,1,drawn_seg 
35,35,0,106,83,106,87,#NAME?,#NAME?,#NAME?,#NAME?,#NAME?,#NAME?,#NAME?,1,drawn_seg 
36,36,0,94,87,94,83,#NAME?,#NAME?,#NAME?,#NAME?,#NAME?,#NAME?,#NAME?,1,drawn_seg 
37,37,0,107,83,107,87,#NAME?,#NAME?,#NAME?,#NAME?,#NAME?,#NAME?,#NAME?,1,drawn_seg 
38,38,0,93,87,93,83,#NAME?,#NAME?,#NAME?,#NAME?,#NAME?,#NAME?,#NAME?,1,drawn_seg 
39,39,0,108,82,108,88,#NAME?,#NAME?,#NAME?,#NAME?,#NAME?,#NAME?,#NAME?,1,drawn_seg 
40,40,0,92,88,92,82,#NAME?,#NAME?,#NAME?,#NAME?,#NAME?,#NAME?,#NAME?,1,drawn_seg 
41,41,0,109,81,109,89,#NAME?,#NAME?,#NAME?,#NAME?,#NAME?,#NAME?,#NAME?,1,drawn_seg 
42,42,0,91,89,91,81,#NAME?,#NAME?,#NAME?,#NAME?,#NAME?,#NAME?,#NAME?,1,drawn_seg 
43,43,0,110,81,110,89,#NAME?,#NAME?,#NAME?,#NAME?,#NAME?,#NAME?,#NAME?,1,drawn_seg 
44,44,0,90,89,90,81,#NAME?,#NAME?,#NAME?,#NAME?,#NAME?,#NAME?,#NAME?,1,drawn_seg 
45,45,0,111,80,111,90,#NAME?,#NAME?,#NAME?,#NAME?,#NAME?,#NAME?,#NAME?,1,drawn_seg 
46,46,0,89,90,89,80,#NAME?,#NAME?,#NAME?,#NAME?,#NAME?,#NAME?,#NAME?,1,drawn_seg 
47,47,0,112,78,112,92,#NAME?,#NAME?,#NAME?,#NAME?,#NAME?,#NAME?,#NAME?,1,drawn_seg 
48,48,0,88,92,88,78,#NAME?,#NAME?,#NAME?,#NAME?,#NAME?,#NAME?,#NAME?,1,drawn_seg 
49,49,0,113,77,113,93,#NAME?,#NAME?,#NAME?,#NAME?,#NAME?,#NAME?,#NAME?,1,drawn_seg 
50,50,0,87,93,87,77,#NAME?,#NAME?,#NAME?,#NAME?,#NAME?,#NAME?,#NAME?,1,drawn_seg 
51,51,0,114,75,114,95,#NAME?,#NAME?,#NAME?,#NAME?,#NAME?,#NAME?,#NAME?,1,drawn_seg 
52,52,0,86,95,86,75,#NAME?,#NAME?,#NAME?,#NAME?,#NAME?,#NAME?,#NAME?,1,drawn_seg 
53,3,2,100,70,85,70,15,15,#NAME?,#NAME?,#NAME?,#NAME?,1,1,drawn_seg 
