new_order,old_order,line-type,p1_x,p1_y,p2_x,p2_y,rx,ry,bezier p3_x,bezier p3_y,bezier p4_x,bezier p4_y,filled,work,travle_type
0,0,0,10,3,30,3,-nan(ind),-nan(ind),-nan(ind),-nan(ind),-nan(ind),-nan(ind),-nan(ind),1,drawn_seg 
1,1,0,100,25,160,25,-nan(ind),-nan(ind),-nan(ind),-nan(ind),-nan(ind),-nan(ind),-nan(ind),1,drawn_seg 
2,2,0,160,26,100,26,-nan(ind),-nan(ind),-nan(ind),-nan(ind),-nan(ind),-nan(ind),-nan(ind),1,drawn_seg 
3,3,0,100,24,160,24,-nan(ind),-nan(ind),-nan(ind),-nan(ind),-nan(ind),-nan(ind),-nan(ind),1,drawn_seg 
4,4,0,160,27,100,27,-nan(ind),-nan(ind),-nan(ind),-nan(ind),-nan(ind),-nan(ind),-nan(ind),1,drawn_seg 
5,5,0,100,23,160,23,-nan(ind),-nan(ind),-nan(ind),-nan(ind),-nan(ind),-nan(ind),-nan(ind),1,drawn_seg 
6,6,0,160,28,100,28,-nan(ind),-nan(ind),-nan(ind),-nan(ind),-nan(ind),-nan(ind),-nan(ind),1,drawn_seg 
7,7,0,100,22,160,22,-nan(ind),-nan(ind),-nan(ind),-nan(ind),-nan(ind),-nan(ind),-nan(ind),1,drawn_seg 
8,8,0,160,29,100,29,-nan(ind),-nan(ind),-nan(ind),-nan(ind),-nan(ind),-nan(ind),-nan(ind),1,drawn_seg 
9,9,0,100,21,160,21,-nan(ind),-nan(ind),-nan(ind),-nan(ind),-nan(ind),-nan(ind),-nan(ind),1,drawn_seg 
10,10,0,160,30,100,30,-nan(ind),-nan(ind),-nan(ind),-nan(ind),-nan(ind),-nan(ind),-nan(ind),1,drawn_seg 
11,11,0,100,20,160,20,-nan(ind),-nan(ind),-nan(ind),-nan(ind),-nan(ind),-nan(ind),-nan(ind),1,drawn_seg 
12,12,0,160,31,100,31,-nan(ind),-nan(ind),-nan(ind),-nan(ind),-nan(ind),-nan(ind),-nan(ind),1,drawn_seg 
13,13,0,100,19,160,19,-nan(ind),-nan(ind),-nan(ind),-nan(ind),-nan(ind),-nan(ind),-nan(ind),1,drawn_seg 
14,14,0,160,32,100,32,-nan(ind),-nan(ind),-nan(ind),-nan(ind),-nan(ind),-nan(ind),-nan(ind),1,drawn_seg 
15,15,0,100,18,160,18,-nan(ind),-nan(ind),-nan(ind),-nan(ind),-nan(ind),-nan(ind),-nan(ind),1,drawn_seg 
16,16,0,160,33,100,33,-nan(ind),-nan(ind),-nan(ind),-nan(ind),-nan(ind),-nan(ind),-nan(ind),1,drawn_seg 
17,17,0,100,17,160,17,-nan(ind),-nan(ind),-nan(ind),-nan(ind),-nan(ind),-nan(ind),-nan(ind),1,drawn_seg 
18,18,0,160,34,100,34,-nan(ind),-nan(ind),-nan(ind),-nan(ind),-nan(ind),-nan(ind),-nan(ind),1,drawn_seg 
19,19,0,100,16,160,16,-nan(ind),-nan(ind),-nan(ind),-nan(ind),-nan(ind),-nan(ind),-nan(ind),1,drawn_seg 
20,20,0,160,35,100,35,-nan(ind),-nan(ind),-nan(ind),-nan(ind),-nan(ind),-nan(ind),-nan(ind),1,drawn_seg 
21,21,0,100,15,160,15,-nan(ind),-nan(ind),-nan(ind),-nan(ind),-nan(ind),-nan(ind),-nan(ind),1,drawn_seg 
22,22,0,160,36,100,36,-nan(ind),-nan(ind),-nan(ind),-nan(ind),-nan(ind),-nan(ind),-nan(ind),1,drawn_seg 
23,23,0,100,14,160,14,-nan(ind),-nan(ind),-nan(ind),-nan(ind),-nan(ind),-nan(ind),-nan(ind),1,drawn_seg 
24,24,0,160,37,100,37,-nan(ind),-nan(ind),-nan(ind),-nan(ind),-nan(ind),-nan(ind),-nan(ind),1,drawn_seg 
25,25,0,100,13,160,13,-nan(ind),-nan(ind),-nan(ind),-nan(ind),-nan(ind),-nan(ind),-nan(ind),1,drawn_seg 
26,26,0,160,38,100,38,-nan(ind),-nan(ind),-nan(ind),-nan(ind),-nan(ind),-nan(ind),-nan(ind),1,drawn_seg 
27,27,0,100,12,160,12,-nan(ind),-nan(ind),-nan(ind),-nan(ind),-nan(ind),-nan(ind),-nan(ind),1,drawn_seg 
28,28,0,160,39,100,39,-nan(ind),-nan(ind),-nan(ind),-nan(ind),-nan(ind),-nan(ind),-nan(ind),1,drawn_seg 
29,29,0,100,11,160,11,-nan(ind),-nan(ind),-nan(ind),-nan(ind),-nan(ind),-nan(ind),-nan(ind),1,drawn_seg 
30,30,0,160,40,100,40,-nan(ind),-nan(ind),-nan(ind),-nan(ind),-nan(ind),-nan(ind),-nan(ind),1,drawn_seg 
31,31,0,100,40,100,10,-nan(ind),-nan(ind),-nan(ind),-nan(ind),-nan(ind),-nan(ind),-nan(ind),1,drawn_seg 
32,32,0,100,10,160,10,-nan(ind),-nan(ind),-nan(ind),-nan(ind),-nan(ind),-nan(ind),-nan(ind),1,drawn_seg 
33,1,3,100,10,60,30,-nan(ind),-nan(ind),-nan(ind),-nan(ind),-nan(ind),-nan(ind),1,1,drawn_seg 
34,34,1,50,50,51,50,1,1,-nan(ind),-nan(ind),-nan(ind),-nan(ind),-nan(ind),1,drawn_seg 
35,35,1,50,50,52,50,2,2,-nan(ind),-nan(ind),-nan(ind),-nan(ind),-nan(ind),1,drawn_seg 
36,36,1,50,50,53,50,3,3,-nan(ind),-nan(ind),-nan(ind),-nan(ind),-nan(ind),1,drawn_seg 
37,37,1,50,50,54,50,4,4,-nan(ind),-nan(ind),-nan(ind),-nan(ind),-nan(ind),1,drawn_seg 
38,38,1,50,50,55,50,5,5,-nan(ind),-nan(ind),-nan(ind),-nan(ind),-nan(ind),1,drawn_seg 
39,39,1,50,50,56,50,6,6,-nan(ind),-nan(ind),-nan(ind),-nan(ind),-nan(ind),1,drawn_seg 
40,40,1,50,50,57,50,7,7,-nan(ind),-nan(ind),-nan(ind),-nan(ind),-nan(ind),1,drawn_seg 
41,41,1,50,50,58,50,8,8,-nan(ind),-nan(ind),-nan(ind),-nan(ind),-nan(ind),1,drawn_seg 
42,42,1,50,50,59,50,9,9,-nan(ind),-nan(ind),-nan(ind),-nan(ind),-nan(ind),1,drawn_seg 
43,43,1,50,50,60,50,10,10,-nan(ind),-nan(ind),-nan(ind),-nan(ind),-nan(ind),1,drawn_seg 
44,44,1,50,50,61,50,11,11,-nan(ind),-nan(ind),-nan(ind),-nan(ind),-nan(ind),1,drawn_seg 
45,45,1,50,50,62,50,12,12,-nan(ind),-nan(ind),-nan(ind),-nan(ind),-nan(ind),1,drawn_seg 
46,46,1,50,50,63,50,13,13,-nan(ind),-nan(ind),-nan(ind),-nan(ind),-nan(ind),1,drawn_seg 
47,47,1,50,50,64,50,14,14,-nan(ind),-nan(ind),-nan(ind),-nan(ind),-nan(ind),1,drawn_seg 
48,48,1,50,50,65,50,15,15,-nan(ind),-nan(ind),-nan(ind),-nan(ind),-nan(ind),1,drawn_seg 
49,49,1,50,50,66,50,16,16,-nan(ind),-nan(ind),-nan(ind),-nan(ind),-nan(ind),1,drawn_seg 
50,50,1,50,50,67,50,17,17,-nan(ind),-nan(ind),-nan(ind),-nan(ind),-nan(ind),1,drawn_seg 
51,51,1,50,50,68,50,18,18,-nan(ind),-nan(ind),-nan(ind),-nan(ind),-nan(ind),1,drawn_seg 
52,52,1,50,50,69,50,19,19,-nan(ind),-nan(ind),-nan(ind),-nan(ind),-nan(ind),1,drawn_seg 
53,53,1,50,50,70,50,20,20,-nan(ind),-nan(ind),-nan(ind),-nan(ind),-nan(ind),1,drawn_seg 
54,54,1,50,50,71,50,21,21,-nan(ind),-nan(ind),-nan(ind),-nan(ind),-nan(ind),1,drawn_seg 
55,55,1,50,50,72,50,22,22,-nan(ind),-nan(ind),-nan(ind),-nan(ind),-nan(ind),1,drawn_seg 
56,56,1,50,50,73,50,23,23,-nan(ind),-nan(ind),-nan(ind),-nan(ind),-nan(ind),1,drawn_seg 
57,57,1,50,50,74,50,24,24,-nan(ind),-nan(ind),-nan(ind),-nan(ind),-nan(ind),1,drawn_seg 
58,58,1,50,50,75,50,25,25,-nan(ind),-nan(ind),-nan(ind),-nan(ind),-nan(ind),1,drawn_seg 
59,59,1,50,50,76,50,26,26,-nan(ind),-nan(ind),-nan(ind),-nan(ind),-nan(ind),1,drawn_seg 
60,60,1,50,50,77,50,27,27,-nan(ind),-nan(ind),-nan(ind),-nan(ind),-nan(ind),1,drawn_seg 
61,61,1,50,50,78,50,28,28,-nan(ind),-nan(ind),-nan(ind),-nan(ind),-nan(ind),1,drawn_seg 
62,62,1,50,50,79,50,29,29,-nan(ind),-nan(ind),-nan(ind),-nan(ind),-nan(ind),1,drawn_seg 
63,63,1,50,50,80,50,30,30,-nan(ind),-nan(ind),-nan(ind),-nan(ind),-nan(ind),1,drawn_seg 
64,64,1,50,50,81,50,31,31,-nan(ind),-nan(ind),-nan(ind),-nan(ind),-nan(ind),1,drawn_seg 
65,65,1,50,50,82,50,32,32,-nan(ind),-nan(ind),-nan(ind),-nan(ind),-nan(ind),1,drawn_seg 
66,66,1,50,50,83,50,33,33,-nan(ind),-nan(ind),-nan(ind),-nan(ind),-nan(ind),1,drawn_seg 
67,67,1,50,50,84,50,34,34,-nan(ind),-nan(ind),-nan(ind),-nan(ind),-nan(ind),1,drawn_seg 
68,68,1,50,50,85,50,35,35,-nan(ind),-nan(ind),-nan(ind),-nan(ind),-nan(ind),1,drawn_seg 
69,69,1,50,50,86,50,36,36,-nan(ind),-nan(ind),-nan(ind),-nan(ind),-nan(ind),1,drawn_seg 
70,70,1,50,50,87,50,37,37,-nan(ind),-nan(ind),-nan(ind),-nan(ind),-nan(ind),1,drawn_seg 
71,71,1,50,50,88,50,38,38,-nan(ind),-nan(ind),-nan(ind),-nan(ind),-nan(ind),1,drawn_seg 
72,72,1,50,50,89,50,39,39,-nan(ind),-nan(ind),-nan(ind),-nan(ind),-nan(ind),1,drawn_seg 
73,2,1,50,50,51,50,40,40,-nan(ind),-nan(ind),-nan(ind),-nan(ind),1,1,drawn_seg 
74,74,0,100,90,101,190,-nan(ind),-nan(ind),-nan(ind),-nan(ind),-nan(ind),-nan(ind),-nan(ind),1,drawn_seg 
75,75,0,101,189,101,191,-nan(ind),-nan(ind),-nan(ind),-nan(ind),-nan(ind),-nan(ind),-nan(ind),1,drawn_seg 
76,76,0,99,191,99,189,-nan(ind),-nan(ind),-nan(ind),-nan(ind),-nan(ind),-nan(ind),-nan(ind),1,drawn_seg 
77,77,0,102,189,102,191,-nan(ind),-nan(ind),-nan(ind),-nan(ind),-nan(ind),-nan(ind),-nan(ind),1,drawn_seg 
78,78,0,98,191,98,189,-nan(ind),-nan(ind),-nan(ind),-nan(ind),-nan(ind),-nan(ind),-nan(ind),1,drawn_seg 
79,79,0,103,189,103,191,-nan(ind),-nan(ind),-nan(ind),-nan(ind),-nan(ind),-nan(ind),-nan(ind),1,drawn_seg 
80,80,0,97,191,97,189,-nan(ind),-nan(ind),-nan(ind),-nan(ind),-nan(ind),-nan(ind),-nan(ind),1,drawn_seg 
81,81,0,104,189,104,191,-nan(ind),-nan(ind),-nan(ind),-nan(ind),-nan(ind),-nan(ind),-nan(ind),1,drawn_seg 
82,82,0,96,191,96,189,-nan(ind),-nan(ind),-nan(ind),-nan(ind),-nan(ind),-nan(ind),-nan(ind),1,drawn_seg 
83,83,0,105,189,105,191,-nan(ind),-nan(ind),-nan(ind),-nan(ind),-nan(ind),-nan(ind),-nan(ind),1,drawn_seg 
84,84,0,95,191,95,189,-nan(ind),-nan(ind),-nan(ind),-nan(ind),-nan(ind),-nan(ind),-nan(ind),1,drawn_seg 
85,85,0,106,188,106,192,-nan(ind),-nan(ind),-nan(ind),-nan(ind),-nan(ind),-nan(ind),-nan(ind),1,drawn_seg 
86,86,0,94,192,94,188,-nan(ind),-nan(ind),-nan(ind),-nan(ind),-nan(ind),-nan(ind),-nan(ind),1,drawn_seg 
87,87,0,107,188,107,192,-nan(ind),-nan(ind),-nan(ind),-nan(ind),-nan(ind),-nan(ind),-nan(ind),1,drawn_seg 
88,88,0,93,192,93,188,-nan(ind),-nan(ind),-nan(ind),-nan(ind),-nan(ind),-nan(ind),-nan(ind),1,drawn_seg 
89,89,0,108,188,108,192,-nan(ind),-nan(ind),-nan(ind),-nan(ind),-nan(ind),-nan(ind),-nan(ind),1,drawn_seg 
90,90,0,92,192,92,188,-nan(ind),-nan(ind),-nan(ind),-nan(ind),-nan(ind),-nan(ind),-nan(ind),1,drawn_seg 
91,91,0,109,187,109,193,-nan(ind),-nan(ind),-nan(ind),-nan(ind),-nan(ind),-nan(ind),-nan(ind),1,drawn_seg 
92,92,0,91,193,91,187,-nan(ind),-nan(ind),-nan(ind),-nan(ind),-nan(ind),-nan(ind),-nan(ind),1,drawn_seg 
93,93,0,110,187,110,193,-nan(ind),-nan(ind),-nan(ind),-nan(ind),-nan(ind),-nan(ind),-nan(ind),1,drawn_seg 
94,94,0,90,193,90,187,-nan(ind),-nan(ind),-nan(ind),-nan(ind),-nan(ind),-nan(ind),-nan(ind),1,drawn_seg 
95,95,0,111,186,111,194,-nan(ind),-nan(ind),-nan(ind),-nan(ind),-nan(ind),-nan(ind),-nan(ind),1,drawn_seg 
96,96,0,89,194,89,186,-nan(ind),-nan(ind),-nan(ind),-nan(ind),-nan(ind),-nan(ind),-nan(ind),1,drawn_seg 
97,97,0,112,185,112,195,-nan(ind),-nan(ind),-nan(ind),-nan(ind),-nan(ind),-nan(ind),-nan(ind),1,drawn_seg 
98,98,0,88,195,88,185,-nan(ind),-nan(ind),-nan(ind),-nan(ind),-nan(ind),-nan(ind),-nan(ind),1,drawn_seg 
99,99,0,113,185,113,195,-nan(ind),-nan(ind),-nan(ind),-nan(ind),-nan(ind),-nan(ind),-nan(ind),1,drawn_seg 
100,100,0,87,195,87,185,-nan(ind),-nan(ind),-nan(ind),-nan(ind),-nan(ind),-nan(ind),-nan(ind),1,drawn_seg 
101,101,0,114,184,114,196,-nan(ind),-nan(ind),-nan(ind),-nan(ind),-nan(ind),-nan(ind),-nan(ind),1,drawn_seg 
102,102,0,86,196,86,184,-nan(ind),-nan(ind),-nan(ind),-nan(ind),-nan(ind),-nan(ind),-nan(ind),1,drawn_seg 
103,103,0,115,183,115,197,-nan(ind),-nan(ind),-nan(ind),-nan(ind),-nan(ind),-nan(ind),-nan(ind),1,drawn_seg 
104,104,0,85,197,85,183,-nan(ind),-nan(ind),-nan(ind),-nan(ind),-nan(ind),-nan(ind),-nan(ind),1,drawn_seg 
105,105,0,116,182,116,198,-nan(ind),-nan(ind),-nan(ind),-nan(ind),-nan(ind),-nan(ind),-nan(ind),1,drawn_seg 
106,106,0,84,198,84,182,-nan(ind),-nan(ind),-nan(ind),-nan(ind),-nan(ind),-nan(ind),-nan(ind),1,drawn_seg 
107,107,0,117,181,117,199,-nan(ind),-nan(ind),-nan(ind),-nan(ind),-nan(ind),-nan(ind),-nan(ind),1,drawn_seg 
108,108,0,83,199,83,181,-nan(ind),-nan(ind),-nan(ind),-nan(ind),-nan(ind),-nan(ind),-nan(ind),1,drawn_seg 
109,109,0,118,179,118,201,-nan(ind),-nan(ind),-nan(ind),-nan(ind),-nan(ind),-nan(ind),-nan(ind),1,drawn_seg 
110,110,0,82,201,82,179,-nan(ind),-nan(ind),-nan(ind),-nan(ind),-nan(ind),-nan(ind),-nan(ind),1,drawn_seg 
111,111,0,119,178,119,202,-nan(ind),-nan(ind),-nan(ind),-nan(ind),-nan(ind),-nan(ind),-nan(ind),1,drawn_seg 
112,112,0,81,202,81,178,-nan(ind),-nan(ind),-nan(ind),-nan(ind),-nan(ind),-nan(ind),-nan(ind),1,drawn_seg 
113,113,0,120,177,120,203,-nan(ind),-nan(ind),-nan(ind),-nan(ind),-nan(ind),-nan(ind),-nan(ind),1,drawn_seg 
114,114,0,80,203,80,177,-nan(ind),-nan(ind),-nan(ind),-nan(ind),-nan(ind),-nan(ind),-nan(ind),1,drawn_seg 
115,115,0,121,175,121,205,-nan(ind),-nan(ind),-nan(ind),-nan(ind),-nan(ind),-nan(ind),-nan(ind),1,drawn_seg 
116,116,0,79,205,79,175,-nan(ind),-nan(ind),-nan(ind),-nan(ind),-nan(ind),-nan(ind),-nan(ind),1,drawn_seg 
117,117,0,122,173,122,207,-nan(ind),-nan(ind),-nan(ind),-nan(ind),-nan(ind),-nan(ind),-nan(ind),1,drawn_seg 
118,118,0,78,207,78,173,-nan(ind),-nan(ind),-nan(ind),-nan(ind),-nan(ind),-nan(ind),-nan(ind),1,drawn_seg 
119,119,0,123,172,123,208,-nan(ind),-nan(ind),-nan(ind),-nan(ind),-nan(ind),-nan(ind),-nan(ind),1,drawn_seg 
120,120,0,77,208,77,172,-nan(ind),-nan(ind),-nan(ind),-nan(ind),-nan(ind),-nan(ind),-nan(ind),1,drawn_seg 
121,121,0,124,169,124,211,-nan(ind),-nan(ind),-nan(ind),-nan(ind),-nan(ind),-nan(ind),-nan(ind),1,drawn_seg 
122,122,0,76,211,76,169,-nan(ind),-nan(ind),-nan(ind),-nan(ind),-nan(ind),-nan(ind),-nan(ind),1,drawn_seg 
123,123,0,125,167,125,213,-nan(ind),-nan(ind),-nan(ind),-nan(ind),-nan(ind),-nan(ind),-nan(ind),1,drawn_seg 
124,124,0,75,213,75,167,-nan(ind),-nan(ind),-nan(ind),-nan(ind),-nan(ind),-nan(ind),-nan(ind),1,drawn_seg 
125,125,0,126,164,126,216,-nan(ind),-nan(ind),-nan(ind),-nan(ind),-nan(ind),-nan(ind),-nan(ind),1,drawn_seg 
126,126,0,74,216,74,164,-nan(ind),-nan(ind),-nan(ind),-nan(ind),-nan(ind),-nan(ind),-nan(ind),1,drawn_seg 
127,127,0,127,161,127,219,-nan(ind),-nan(ind),-nan(ind),-nan(ind),-nan(ind),-nan(ind),-nan(ind),1,drawn_seg 
128,128,0,73,219,73,161,-nan(ind),-nan(ind),-nan(ind),-nan(ind),-nan(ind),-nan(ind),-nan(ind),1,drawn_seg 
129,129,0,128,157,128,223,-nan(ind),-nan(ind),-nan(ind),-nan(ind),-nan(ind),-nan(ind),-nan(ind),1,drawn_seg 
130,130,0,72,223,72,157,-nan(ind),-nan(ind),-nan(ind),-nan(ind),-nan(ind),-nan(ind),-nan(ind),1,drawn_seg 
131,131,0,129,152,129,228,-nan(ind),-nan(ind),-nan(ind),-nan(ind),-nan(ind),-nan(ind),-nan(ind),1,drawn_seg 
132,132,0,71,228,71,152,-nan(ind),-nan(ind),-nan(ind),-nan(ind),-nan(ind),-nan(ind),-nan(ind),1,drawn_seg 
133,3,2,100,140,70,140,30,50,-nan(ind),-nan(ind),-nan(ind),-nan(ind),1,1,drawn_seg 
