new_order,old_order,line-type,p1_x,p1_y,p2_x,p2_y,rx,ry,bezier p3_x,bezier p3_y,bezier p4_x,bezier p4_y,filled,work,travle_type
0,0,0,48,3,60,3,-nan(ind),-nan(ind),-nan(ind),-nan(ind),-nan(ind),-nan(ind),-nan(ind),0,pre-pattern 
0,0,0,60,3,70,3,-nan(ind),-nan(ind),-nan(ind),-nan(ind),-nan(ind),-nan(ind),-nan(ind),1,drawn_seg 
0,0,0,70,3,82,3,-nan(ind),-nan(ind),-nan(ind),-nan(ind),-nan(ind),-nan(ind),-nan(ind),0,post-pattern 
0,0,4,82,3,68,70,-nan(ind),-nan(ind),87,3,63,70,-nan(ind),0,travel 
1,1,0,68,70,80,70,-nan(ind),-nan(ind),-nan(ind),-nan(ind),-nan(ind),-nan(ind),-nan(ind),0,pre-pattern 
1,1,0,80,70,120,70,-nan(ind),-nan(ind),-nan(ind),-nan(ind),-nan(ind),-nan(ind),-nan(ind),1,drawn_seg 
1,1,0,120,70,132,70,-nan(ind),-nan(ind),-nan(ind),-nan(ind),-nan(ind),-nan(ind),-nan(ind),0,post-pattern 
1,1,4,132,70,131,71,-nan(ind),-nan(ind),137,70,136,71,-nan(ind),0,travel 
2,2,0,131,71,119,71,-nan(ind),-nan(ind),-nan(ind),-nan(ind),-nan(ind),-nan(ind),-nan(ind),0,pre-pattern 
2,2,0,119,71,81,71,-nan(ind),-nan(ind),-nan(ind),-nan(ind),-nan(ind),-nan(ind),-nan(ind),1,drawn_seg 
2,2,0,81,71,119,59,-nan(ind),-nan(ind),-nan(ind),-nan(ind),-nan(ind),-nan(ind),-nan(ind),0,post-pattern 
2,2,4,119,59,347,69,-nan(ind),-nan(ind),339.421,-10.6066,1889.95,69,-nan(ind),0,travel 
3,3,0,347,69,81,69,-nan(ind),-nan(ind),-nan(ind),-nan(ind),-nan(ind),-nan(ind),-nan(ind),0,pre-pattern 
3,3,0,81,69,119,69,-nan(ind),-nan(ind),-nan(ind),-nan(ind),-nan(ind),-nan(ind),-nan(ind),1,drawn_seg 
3,3,0,119,69,131,69,-nan(ind),-nan(ind),-nan(ind),-nan(ind),-nan(ind),-nan(ind),-nan(ind),0,post-pattern 
3,3,4,131,69,131,72,-nan(ind),-nan(ind),136,69,136,72,-nan(ind),0,travel 
4,4,0,131,72,119,72,-nan(ind),-nan(ind),-nan(ind),-nan(ind),-nan(ind),-nan(ind),-nan(ind),0,pre-pattern 
4,4,0,119,72,81,72,-nan(ind),-nan(ind),-nan(ind),-nan(ind),-nan(ind),-nan(ind),-nan(ind),1,drawn_seg 
4,4,0,81,72,119,60,-nan(ind),-nan(ind),-nan(ind),-nan(ind),-nan(ind),-nan(ind),-nan(ind),0,post-pattern 
4,4,4,119,60,233,68,-nan(ind),-nan(ind),230.712,24.7224,679.85,68,-nan(ind),0,travel 
5,5,0,233,68,81,68,-nan(ind),-nan(ind),-nan(ind),-nan(ind),-nan(ind),-nan(ind),-nan(ind),0,pre-pattern 
5,5,0,81,68,119,68,-nan(ind),-nan(ind),-nan(ind),-nan(ind),-nan(ind),-nan(ind),-nan(ind),1,drawn_seg 
5,5,0,119,68,131,68,-nan(ind),-nan(ind),-nan(ind),-nan(ind),-nan(ind),-nan(ind),-nan(ind),0,post-pattern 
5,5,4,131,68,131,73,-nan(ind),-nan(ind),136,68,136,73,-nan(ind),0,travel 
6,6,0,131,73,119,73,-nan(ind),-nan(ind),-nan(ind),-nan(ind),-nan(ind),-nan(ind),-nan(ind),0,pre-pattern 
6,6,0,119,73,81,73,-nan(ind),-nan(ind),-nan(ind),-nan(ind),-nan(ind),-nan(ind),-nan(ind),1,drawn_seg 
6,6,0,81,73,119,61,-nan(ind),-nan(ind),-nan(ind),-nan(ind),-nan(ind),-nan(ind),-nan(ind),0,post-pattern 
6,6,4,119,61,195,67,-nan(ind),-nan(ind),194.476,37.1654,421.429,67,-nan(ind),0,travel 
7,7,0,195,67,81,67,-nan(ind),-nan(ind),-nan(ind),-nan(ind),-nan(ind),-nan(ind),-nan(ind),0,pre-pattern 
7,7,0,81,67,119,67,-nan(ind),-nan(ind),-nan(ind),-nan(ind),-nan(ind),-nan(ind),-nan(ind),1,drawn_seg 
7,7,0,119,67,131,67,-nan(ind),-nan(ind),-nan(ind),-nan(ind),-nan(ind),-nan(ind),-nan(ind),0,post-pattern 
7,7,4,131,67,130,74,-nan(ind),-nan(ind),136,67,135,74,-nan(ind),0,travel 
8,8,0,130,74,118,74,-nan(ind),-nan(ind),-nan(ind),-nan(ind),-nan(ind),-nan(ind),-nan(ind),0,pre-pattern 
8,8,0,118,74,82,74,-nan(ind),-nan(ind),-nan(ind),-nan(ind),-nan(ind),-nan(ind),-nan(ind),1,drawn_seg 
8,8,0,82,74,118,62,-nan(ind),-nan(ind),-nan(ind),-nan(ind),-nan(ind),-nan(ind),-nan(ind),0,post-pattern 
8,8,4,118,62,172,66,-nan(ind),-nan(ind),172.125,43.9584,307.312,66,-nan(ind),0,travel 
9,9,0,172,66,82,66,-nan(ind),-nan(ind),-nan(ind),-nan(ind),-nan(ind),-nan(ind),-nan(ind),0,pre-pattern 
9,9,0,82,66,118,66,-nan(ind),-nan(ind),-nan(ind),-nan(ind),-nan(ind),-nan(ind),-nan(ind),1,drawn_seg 
9,9,0,118,66,130,66,-nan(ind),-nan(ind),-nan(ind),-nan(ind),-nan(ind),-nan(ind),-nan(ind),0,post-pattern 
9,9,4,130,66,129,75,-nan(ind),-nan(ind),135,66,134,75,-nan(ind),0,travel 
10,10,0,129,75,117,75,-nan(ind),-nan(ind),-nan(ind),-nan(ind),-nan(ind),-nan(ind),-nan(ind),0,pre-pattern 
10,10,0,117,75,83,75,-nan(ind),-nan(ind),-nan(ind),-nan(ind),-nan(ind),-nan(ind),-nan(ind),1,drawn_seg 
10,10,0,83,75,117,63,-nan(ind),-nan(ind),-nan(ind),-nan(ind),-nan(ind),-nan(ind),-nan(ind),0,post-pattern 
10,10,4,117,63,157.8,65,-nan(ind),-nan(ind),158.251,48.441,248.551,65,-nan(ind),0,travel 
11,11,0,157.8,65,83,65,-nan(ind),-nan(ind),-nan(ind),-nan(ind),-nan(ind),-nan(ind),-nan(ind),0,pre-pattern 
11,11,0,83,65,117,65,-nan(ind),-nan(ind),-nan(ind),-nan(ind),-nan(ind),-nan(ind),-nan(ind),1,drawn_seg 
11,11,0,117,65,129,65,-nan(ind),-nan(ind),-nan(ind),-nan(ind),-nan(ind),-nan(ind),-nan(ind),0,post-pattern 
11,11,4,129,65,127,76,-nan(ind),-nan(ind),134,65,132,76,-nan(ind),0,travel 
12,12,0,127,76,115,76,-nan(ind),-nan(ind),-nan(ind),-nan(ind),-nan(ind),-nan(ind),-nan(ind),0,pre-pattern 
12,12,0,115,76,85,76,-nan(ind),-nan(ind),-nan(ind),-nan(ind),-nan(ind),-nan(ind),-nan(ind),1,drawn_seg 
12,12,0,85,76,115,64,-nan(ind),-nan(ind),-nan(ind),-nan(ind),-nan(ind),-nan(ind),-nan(ind),0,post-pattern 
12,12,4,115,64,145,64,-nan(ind),-nan(ind),145.351,51.8596,205.702,64,-nan(ind),0,travel 
13,13,0,145,64,85,64,-nan(ind),-nan(ind),-nan(ind),-nan(ind),-nan(ind),-nan(ind),-nan(ind),0,pre-pattern 
13,13,0,85,64,115,64,-nan(ind),-nan(ind),-nan(ind),-nan(ind),-nan(ind),-nan(ind),-nan(ind),1,drawn_seg 
13,13,0,115,64,127,64,-nan(ind),-nan(ind),-nan(ind),-nan(ind),-nan(ind),-nan(ind),-nan(ind),0,post-pattern 
13,13,4,127,64,126,77,-nan(ind),-nan(ind),132,64,131,77,-nan(ind),0,travel 
14,14,0,126,77,114,77,-nan(ind),-nan(ind),-nan(ind),-nan(ind),-nan(ind),-nan(ind),-nan(ind),0,pre-pattern 
14,14,0,114,77,86,77,-nan(ind),-nan(ind),-nan(ind),-nan(ind),-nan(ind),-nan(ind),-nan(ind),1,drawn_seg 
14,14,0,86,77,114,65,-nan(ind),-nan(ind),-nan(ind),-nan(ind),-nan(ind),-nan(ind),-nan(ind),0,post-pattern 
14,14,4,114,65,138,63,-nan(ind),-nan(ind),138.391,54.5466,183.298,63,-nan(ind),0,travel 
15,15,0,138,63,86,63,-nan(ind),-nan(ind),-nan(ind),-nan(ind),-nan(ind),-nan(ind),-nan(ind),0,pre-pattern 
15,15,0,86,63,114,63,-nan(ind),-nan(ind),-nan(ind),-nan(ind),-nan(ind),-nan(ind),-nan(ind),1,drawn_seg 
15,15,0,114,63,126,63,-nan(ind),-nan(ind),-nan(ind),-nan(ind),-nan(ind),-nan(ind),-nan(ind),0,post-pattern 
15,15,4,126,63,123,78,-nan(ind),-nan(ind),131,63,128,78,-nan(ind),0,travel 
16,16,0,123,78,111,78,-nan(ind),-nan(ind),-nan(ind),-nan(ind),-nan(ind),-nan(ind),-nan(ind),0,pre-pattern 
16,16,0,111,78,89,78,-nan(ind),-nan(ind),-nan(ind),-nan(ind),-nan(ind),-nan(ind),-nan(ind),1,drawn_seg 
16,16,0,89,78,111,66,-nan(ind),-nan(ind),-nan(ind),-nan(ind),-nan(ind),-nan(ind),-nan(ind),0,post-pattern 
16,16,4,111,66,127.5,62,-nan(ind),-nan(ind),127.188,57.1699,155.83,62,-nan(ind),0,travel 
17,17,0,127.5,62,89,62,-nan(ind),-nan(ind),-nan(ind),-nan(ind),-nan(ind),-nan(ind),-nan(ind),0,pre-pattern 
17,17,0,89,62,111,62,-nan(ind),-nan(ind),-nan(ind),-nan(ind),-nan(ind),-nan(ind),-nan(ind),1,drawn_seg 
17,17,0,111,62,123,62,-nan(ind),-nan(ind),-nan(ind),-nan(ind),-nan(ind),-nan(ind),-nan(ind),0,post-pattern 
17,17,4,123,62,120,79,-nan(ind),-nan(ind),128,62,125,79,-nan(ind),0,travel 
18,18,0,120,79,108,79,-nan(ind),-nan(ind),-nan(ind),-nan(ind),-nan(ind),-nan(ind),-nan(ind),0,pre-pattern 
18,18,0,108,79,92,79,-nan(ind),-nan(ind),-nan(ind),-nan(ind),-nan(ind),-nan(ind),-nan(ind),1,drawn_seg 
18,18,0,92,79,108,67,-nan(ind),-nan(ind),-nan(ind),-nan(ind),-nan(ind),-nan(ind),-nan(ind),0,post-pattern 
18,18,4,108,67,118.667,61,-nan(ind),-nan(ind),117.333,60,134.222,61,-nan(ind),0,travel 
19,19,0,118.667,61,92,61,-nan(ind),-nan(ind),-nan(ind),-nan(ind),-nan(ind),-nan(ind),-nan(ind),0,pre-pattern 
19,19,0,92,61,108,61,-nan(ind),-nan(ind),-nan(ind),-nan(ind),-nan(ind),-nan(ind),-nan(ind),1,drawn_seg 
19,19,0,108,61,120,61,-nan(ind),-nan(ind),-nan(ind),-nan(ind),-nan(ind),-nan(ind),-nan(ind),0,post-pattern 
19,19,4,120,61,88,60,-nan(ind),-nan(ind),125,61,83,60,-nan(ind),0,travel 
20,20,0,88,60,100,60,-nan(ind),-nan(ind),-nan(ind),-nan(ind),-nan(ind),-nan(ind),-nan(ind),0,pre-pattern 
20,1,2,100,70,100,80,20,10,-nan(ind),-nan(ind),-nan(ind),-nan(ind),1,1,drawn_seg 
21,21,0,70,3,82,3,-nan(ind),-nan(ind),-nan(ind),-nan(ind),-nan(ind),-nan(ind),-nan(ind),0,post-pattern 
0,0,0,0,0,0,0,0,0,0,0,0,0,0,0,travel 
