new_order,old_order,line-type,p1_x,p1_y,p2_x,p2_y,rx,ry,bezier p3_x,bezier p3_y,bezier p4_x,bezier p4_y,filled,work,travle_type
0,0,0,26.7,90,27,90,#NAME?,#NAME?,#NAME?,#NAME?,#NAME?,#NAME?,#NAME?,0,pre-pattern 
0,0,0,27,90,126,90,#NAME?,#NAME?,#NAME?,#NAME?,#NAME?,#NAME?,#NAME?,1,drawn_seg 
1,1,0,126,90,136,90,#NAME?,#NAME?,#NAME?,#NAME?,#NAME?,#NAME?,#NAME?,0,post-pattern 
0,0,4,136,90,123.3,84,#NAME?,#NAME?,131.3,90,123.159,84,#NAME?,0,travel 
1,1,0,123.3,84,123,84,#NAME?,#NAME?,#NAME?,#NAME?,#NAME?,#NAME?,#NAME?,0,pre-pattern 
1,72,0,123,84,120,84,#NAME?,#NAME?,#NAME?,#NAME?,#NAME?,#NAME?,#NAME?,1,drawn_seg 
2,2,0,120,84,110,84,#NAME?,#NAME?,#NAME?,#NAME?,#NAME?,#NAME?,#NAME?,0,post-pattern 
1,1,4,110,84,108,79.3,#NAME?,#NAME?,114.7,84,108,79.159,#NAME?,0,travel 
2,2,0,108,79.3,108,79,#NAME?,#NAME?,#NAME?,#NAME?,#NAME?,#NAME?,#NAME?,0,pre-pattern 
2,57,0,108,79,108,75,#NAME?,#NAME?,#NAME?,#NAME?,#NAME?,#NAME?,#NAME?,1,drawn_seg 
3,3,0,108,75,108,65,#NAME?,#NAME?,#NAME?,#NAME?,#NAME?,#NAME?,#NAME?,0,post-pattern 
2,2,4,108,65,111,74.7,#NAME?,#NAME?,108,69.7,111,74.841,#NAME?,0,travel 
3,3,0,111,74.7,111,75,#NAME?,#NAME?,#NAME?,#NAME?,#NAME?,#NAME?,#NAME?,0,pre-pattern 
3,59,0,111,75,111,84,#NAME?,#NAME?,#NAME?,#NAME?,#NAME?,#NAME?,#NAME?,1,drawn_seg 
4,4,0,111,84,111,94,#NAME?,#NAME?,#NAME?,#NAME?,#NAME?,#NAME?,#NAME?,0,post-pattern 
3,3,4,111,94,114,84.3,#NAME?,#NAME?,111,89.3,114,84.159,#NAME?,0,travel 
4,4,0,114,84.3,114,84,#NAME?,#NAME?,#NAME?,#NAME?,#NAME?,#NAME?,#NAME?,0,pre-pattern 
4,76,0,114,84,114,75,#NAME?,#NAME?,#NAME?,#NAME?,#NAME?,#NAME?,#NAME?,1,drawn_seg 
5,5,0,114,75,114,65,#NAME?,#NAME?,#NAME?,#NAME?,#NAME?,#NAME?,#NAME?,0,post-pattern 
4,4,4,114,65,117,74.7,#NAME?,#NAME?,114,69.7,117,74.841,#NAME?,0,travel 
5,5,0,117,74.7,117,75,#NAME?,#NAME?,#NAME?,#NAME?,#NAME?,#NAME?,#NAME?,0,pre-pattern 
5,66,0,117,75,117,78,#NAME?,#NAME?,#NAME?,#NAME?,#NAME?,#NAME?,#NAME?,1,drawn_seg 
6,6,0,117,78,117,88,#NAME?,#NAME?,#NAME?,#NAME?,#NAME?,#NAME?,#NAME?,0,post-pattern 
5,5,4,117,88,108.2,84.24,#NAME?,#NAME?,117,83.3,108.095,84.1272,#NAME?,0,travel 
6,6,0,108.2,84.24,108,84,#NAME?,#NAME?,#NAME?,#NAME?,#NAME?,#NAME?,#NAME?,0,pre-pattern 
6,61,0,108,84,105,80,#NAME?,#NAME?,#NAME?,#NAME?,#NAME?,#NAME?,#NAME?,1,drawn_seg 
7,7,0,105,80,99,72,#NAME?,#NAME?,#NAME?,#NAME?,#NAME?,#NAME?,#NAME?,0,post-pattern 
6,6,4,99,72,93.1,74.72,#NAME?,#NAME?,101.82,75.76,93.0503,74.8492,#NAME?,0,travel 
7,7,0,93.1,74.72,93,75,#NAME?,#NAME?,#NAME?,#NAME?,#NAME?,#NAME?,#NAME?,0,pre-pattern 
7,54,0,93,75,90,84,#NAME?,#NAME?,#NAME?,#NAME?,#NAME?,#NAME?,#NAME?,1,drawn_seg 
8,8,0,90,84,86.83,93.48,#NAME?,#NAME?,#NAME?,#NAME?,#NAME?,#NAME?,#NAME?,0,post-pattern 
7,7,4,86.83,93.48,82,84.3,#NAME?,#NAME?,88.324,89.028,82,84.159,#NAME?,0,travel 
8,8,0,82,84.3,82,84,#NAME?,#NAME?,#NAME?,#NAME?,#NAME?,#NAME?,#NAME?,0,pre-pattern 
8,43,0,82,84,82,78,#NAME?,#NAME?,#NAME?,#NAME?,#NAME?,#NAME?,#NAME?,1,drawn_seg 
9,9,0,82,78,82,68,#NAME?,#NAME?,#NAME?,#NAME?,#NAME?,#NAME?,#NAME?,0,post-pattern 
8,8,4,82,68,88,74.7,#NAME?,#NAME?,82,72.7,88,74.841,#NAME?,0,travel 
9,9,0,88,74.7,88,75,#NAME?,#NAME?,#NAME?,#NAME?,#NAME?,#NAME?,#NAME?,0,pre-pattern 
9,39,0,88,75,88,78,#NAME?,#NAME?,#NAME?,#NAME?,#NAME?,#NAME?,#NAME?,1,drawn_seg 
10,10,0,88,78,88,88,#NAME?,#NAME?,#NAME?,#NAME?,#NAME?,#NAME?,#NAME?,0,post-pattern 
9,9,4,88,88,93,84.3,#NAME?,#NAME?,88,83.3,93,84.159,#NAME?,0,travel 
10,10,0,93,84.3,93,84,#NAME?,#NAME?,#NAME?,#NAME?,#NAME?,#NAME?,#NAME?,0,pre-pattern 
10,47,0,93,84,93,81,#NAME?,#NAME?,#NAME?,#NAME?,#NAME?,#NAME?,#NAME?,1,drawn_seg 
11,11,0,93,81,93,71,#NAME?,#NAME?,#NAME?,#NAME?,#NAME?,#NAME?,#NAME?,0,post-pattern 
10,10,4,93,71,85,77.7,#NAME?,#NAME?,93,75.7,85,77.841,#NAME?,0,travel 
11,11,0,85,77.7,85,78,#NAME?,#NAME?,#NAME?,#NAME?,#NAME?,#NAME?,#NAME?,0,pre-pattern 
11,41,0,85,78,85,84,#NAME?,#NAME?,#NAME?,#NAME?,#NAME?,#NAME?,#NAME?,1,drawn_seg 
12,12,0,85,84,85,94,#NAME?,#NAME?,#NAME?,#NAME?,#NAME?,#NAME?,#NAME?,0,post-pattern 
11,11,4,85,94,89.7,84,#NAME?,#NAME?,85,89.3,89.841,84,#NAME?,0,travel 
12,12,0,89.7,84,90,84,#NAME?,#NAME?,#NAME?,#NAME?,#NAME?,#NAME?,#NAME?,0,pre-pattern 
12,46,0,90,84,93,84,#NAME?,#NAME?,#NAME?,#NAME?,#NAME?,#NAME?,#NAME?,1,drawn_seg 
13,13,0,93,84,103,84,#NAME?,#NAME?,#NAME?,#NAME?,#NAME?,#NAME?,#NAME?,0,post-pattern 
12,12,4,103,84,105.3,84,#NAME?,#NAME?,98.3,84,105.159,84,#NAME?,0,travel 
13,13,0,105.3,84,105,84,#NAME?,#NAME?,#NAME?,#NAME?,#NAME?,#NAME?,#NAME?,0,pre-pattern 
13,63,0,105,84,102,84,#NAME?,#NAME?,#NAME?,#NAME?,#NAME?,#NAME?,#NAME?,1,drawn_seg 
14,14,0,102,84,92,84,#NAME?,#NAME?,#NAME?,#NAME?,#NAME?,#NAME?,#NAME?,0,post-pattern 
13,13,4,92,84,85.3,84,#NAME?,#NAME?,96.7,84,85.159,84,#NAME?,0,travel 
14,14,0,85.3,84,85,84,#NAME?,#NAME?,#NAME?,#NAME?,#NAME?,#NAME?,#NAME?,0,pre-pattern 
14,42,0,85,84,82,84,#NAME?,#NAME?,#NAME?,#NAME?,#NAME?,#NAME?,#NAME?,1,drawn_seg 
15,15,0,82,84,72,84,#NAME?,#NAME?,#NAME?,#NAME?,#NAME?,#NAME?,#NAME?,0,post-pattern 
14,14,4,72,84,69,80.3,#NAME?,#NAME?,76.7,84,69,80.159,#NAME?,0,travel 
15,15,0,69,80.3,69,80,#NAME?,#NAME?,#NAME?,#NAME?,#NAME?,#NAME?,#NAME?,0,pre-pattern 
15,34,0,69,80,69,78,#NAME?,#NAME?,#NAME?,#NAME?,#NAME?,#NAME?,#NAME?,1,drawn_seg 
16,16,0,69,78,69,68,#NAME?,#NAME?,#NAME?,#NAME?,#NAME?,#NAME?,#NAME?,0,post-pattern 
15,15,4,69,68,66,74.7,#NAME?,#NAME?,69,72.7,66,74.841,#NAME?,0,travel 
16,16,0,66,74.7,66,75,#NAME?,#NAME?,#NAME?,#NAME?,#NAME?,#NAME?,#NAME?,0,pre-pattern 
16,28,0,66,75,66,84,#NAME?,#NAME?,#NAME?,#NAME?,#NAME?,#NAME?,#NAME?,1,drawn_seg 
17,17,0,66,84,66,94,#NAME?,#NAME?,#NAME?,#NAME?,#NAME?,#NAME?,#NAME?,0,post-pattern 
16,16,4,66,94,69,84.3,#NAME?,#NAME?,66,89.3,69,84.159,#NAME?,0,travel 
17,17,0,69,84.3,69,84,#NAME?,#NAME?,#NAME?,#NAME?,#NAME?,#NAME?,#NAME?,0,pre-pattern 
17,30,0,69,84,69,82,#NAME?,#NAME?,#NAME?,#NAME?,#NAME?,#NAME?,#NAME?,1,drawn_seg 
18,18,0,69,82,69,72,#NAME?,#NAME?,#NAME?,#NAME?,#NAME?,#NAME?,#NAME?,0,post-pattern 
17,17,4,69,72,63.3,75,#NAME?,#NAME?,69,76.7,63.159,75,#NAME?,0,travel 
18,18,0,63.3,75,63,75,#NAME?,#NAME?,#NAME?,#NAME?,#NAME?,#NAME?,#NAME?,0,pre-pattern 
18,27,0,63,75,54,75,#NAME?,#NAME?,#NAME?,#NAME?,#NAME?,#NAME?,#NAME?,1,drawn_seg 
19,19,0,54,75,44,75,#NAME?,#NAME?,#NAME?,#NAME?,#NAME?,#NAME?,#NAME?,0,post-pattern 
18,18,4,44,75,33.3,78,#NAME?,#NAME?,48.7,75,33.159,78,#NAME?,0,travel 
19,19,0,33.3,78,33,78,#NAME?,#NAME?,#NAME?,#NAME?,#NAME?,#NAME?,#NAME?,0,pre-pattern 
19,7,0,33,78,30,78,#NAME?,#NAME?,#NAME?,#NAME?,#NAME?,#NAME?,#NAME?,1,drawn_seg 
19,19,0,30,78,20,78,#NAME?,#NAME?,#NAME?,#NAME?,#NAME?,#NAME?,#NAME?,0,post-pattern 
19,19,4,20,78,29.7,75,#NAME?,#NAME?,24.7,78,29.841,75,#NAME?,0,travel 
20,20,0,29.7,75,30,75,#NAME?,#NAME?,#NAME?,#NAME?,#NAME?,#NAME?,#NAME?,0,pre-pattern 
20,1,0,30,75,39,75,#NAME?,#NAME?,#NAME?,#NAME?,#NAME?,#NAME?,#NAME?,1,drawn_seg 
21,21,0,39,75,49,75,#NAME?,#NAME?,#NAME?,#NAME?,#NAME?,#NAME?,#NAME?,0,post-pattern 
20,20,4,49,75,51.3,75,#NAME?,#NAME?,44.3,75,51.159,75,#NAME?,0,travel 
21,21,0,51.3,75,51,75,#NAME?,#NAME?,#NAME?,#NAME?,#NAME?,#NAME?,#NAME?,0,pre-pattern 
21,14,0,51,75,48,75,#NAME?,#NAME?,#NAME?,#NAME?,#NAME?,#NAME?,#NAME?,1,drawn_seg 
22,22,0,48,75,38,75,#NAME?,#NAME?,#NAME?,#NAME?,#NAME?,#NAME?,#NAME?,0,post-pattern 
21,21,4,38,75,36,77.7,#NAME?,#NAME?,42.7,75,36,77.841,#NAME?,0,travel 
22,22,0,36,77.7,36,78,#NAME?,#NAME?,#NAME?,#NAME?,#NAME?,#NAME?,#NAME?,0,pre-pattern 
22,4,0,36,78,36,84,#NAME?,#NAME?,#NAME?,#NAME?,#NAME?,#NAME?,#NAME?,1,drawn_seg 
23,23,0,36,84,36,94,#NAME?,#NAME?,#NAME?,#NAME?,#NAME?,#NAME?,#NAME?,0,post-pattern 
22,22,4,36,94,33,84.3,#NAME?,#NAME?,36,89.3,33,84.159,#NAME?,0,travel 
23,23,0,33,84.3,33,84,#NAME?,#NAME?,#NAME?,#NAME?,#NAME?,#NAME?,#NAME?,0,pre-pattern 
23,6,0,33,84,33,78,#NAME?,#NAME?,#NAME?,#NAME?,#NAME?,#NAME?,#NAME?,1,drawn_seg 
23,23,0,33,78,33,68,#NAME?,#NAME?,#NAME?,#NAME?,#NAME?,#NAME?,#NAME?,0,post-pattern 
23,23,4,33,68,39,74.7,#NAME?,#NAME?,33,72.7,39,74.841,#NAME?,0,travel 
24,24,0,39,74.7,39,75,#NAME?,#NAME?,#NAME?,#NAME?,#NAME?,#NAME?,#NAME?,0,pre-pattern 
24,2,0,39,75,39,78,#NAME?,#NAME?,#NAME?,#NAME?,#NAME?,#NAME?,#NAME?,1,drawn_seg 
25,25,0,39,78,39,88,#NAME?,#NAME?,#NAME?,#NAME?,#NAME?,#NAME?,#NAME?,0,post-pattern 
24,24,4,39,88,48.7879,84.2121,#NAME?,#NAME?,39,83.3,48.8876,84.1124,#NAME?,0,travel 
25,25,0,48.7879,84.2121,49,84,#NAME?,#NAME?,#NAME?,#NAME?,#NAME?,#NAME?,#NAME?,0,pre-pattern 
25,12,0,49,84,51,82,#NAME?,#NAME?,#NAME?,#NAME?,#NAME?,#NAME?,#NAME?,1,drawn_seg 
26,26,0,51,82,58.0711,74.9289,#NAME?,#NAME?,#NAME?,#NAME?,#NAME?,#NAME?,#NAME?,0,post-pattern 
25,25,4,58.0711,74.9289,68.7,78,#NAME?,#NAME?,54.7477,78.2523,68.841,78,#NAME?,0,travel 
26,26,0,68.7,78,69,78,#NAME?,#NAME?,#NAME?,#NAME?,#NAME?,#NAME?,#NAME?,0,pre-pattern 
26,35,0,69,78,74,78,#NAME?,#NAME?,#NAME?,#NAME?,#NAME?,#NAME?,#NAME?,1,drawn_seg 
27,27,0,74,78,84,78,#NAME?,#NAME?,#NAME?,#NAME?,#NAME?,#NAME?,#NAME?,0,post-pattern 
26,26,4,84,78,82.3,78,#NAME?,#NAME?,79.3,78,82.159,78,#NAME?,0,travel 
27,27,0,82.3,78,82,78,#NAME?,#NAME?,#NAME?,#NAME?,#NAME?,#NAME?,#NAME?,0,pre-pattern 
27,44,0,82,78,79,78,#NAME?,#NAME?,#NAME?,#NAME?,#NAME?,#NAME?,#NAME?,1,drawn_seg 
28,28,0,79,78,69,78,#NAME?,#NAME?,#NAME?,#NAME?,#NAME?,#NAME?,#NAME?,0,post-pattern 
27,27,4,69,78,68.7,82,#NAME?,#NAME?,73.7,78,68.841,82,#NAME?,0,travel 
28,28,0,68.7,82,69,82,#NAME?,#NAME?,#NAME?,#NAME?,#NAME?,#NAME?,#NAME?,0,pre-pattern 
28,31,0,69,82,72,82,#NAME?,#NAME?,#NAME?,#NAME?,#NAME?,#NAME?,#NAME?,1,drawn_seg 
29,29,0,72,82,82,82,#NAME?,#NAME?,#NAME?,#NAME?,#NAME?,#NAME?,#NAME?,0,post-pattern 
28,28,4,82,82,92.7,81,#NAME?,#NAME?,77.3,82,92.841,81,#NAME?,0,travel 
29,29,0,92.7,81,93,81,#NAME?,#NAME?,#NAME?,#NAME?,#NAME?,#NAME?,#NAME?,0,pre-pattern 
29,48,0,93,81,96,81,#NAME?,#NAME?,#NAME?,#NAME?,#NAME?,#NAME?,#NAME?,1,drawn_seg 
30,30,0,96,81,106,81,#NAME?,#NAME?,#NAME?,#NAME?,#NAME?,#NAME?,#NAME?,0,post-pattern 
29,29,4,106,81,116.788,78.2121,#NAME?,#NAME?,101.3,81,116.888,78.1124,#NAME?,0,travel 
30,30,0,116.788,78.2121,117,78,#NAME?,#NAME?,#NAME?,#NAME?,#NAME?,#NAME?,#NAME?,0,pre-pattern 
30,67,0,117,78,120,75,#NAME?,#NAME?,#NAME?,#NAME?,#NAME?,#NAME?,#NAME?,1,drawn_seg 
31,31,0,120,75,127.071,67.9289,#NAME?,#NAME?,#NAME?,#NAME?,#NAME?,#NAME?,#NAME?,0,post-pattern 
30,30,4,127.071,67.9289,123,74.7,#NAME?,#NAME?,123.748,71.2523,123,74.841,#NAME?,0,travel 
31,31,0,123,74.7,123,75,#NAME?,#NAME?,#NAME?,#NAME?,#NAME?,#NAME?,#NAME?,0,pre-pattern 
31,69,0,123,75,123,78,#NAME?,#NAME?,#NAME?,#NAME?,#NAME?,#NAME?,#NAME?,1,drawn_seg 
32,32,0,123,78,123,88,#NAME?,#NAME?,#NAME?,#NAME?,#NAME?,#NAME?,#NAME?,0,post-pattern 
31,31,4,123,88,120.212,84.2121,#NAME?,#NAME?,123,83.3,120.112,84.1124,#NAME?,0,travel 
32,32,0,120.212,84.2121,120,84,#NAME?,#NAME?,#NAME?,#NAME?,#NAME?,#NAME?,#NAME?,0,pre-pattern 
32,73,0,120,84,117,81,#NAME?,#NAME?,#NAME?,#NAME?,#NAME?,#NAME?,#NAME?,1,drawn_seg 
33,33,0,117,81,109.929,73.9289,#NAME?,#NAME?,#NAME?,#NAME?,#NAME?,#NAME?,#NAME?,0,post-pattern 
32,32,4,109.929,73.9289,63.18,84.24,#NAME?,#NAME?,113.252,77.2523,63.0954,84.1272,#NAME?,0,travel 
33,33,0,63.18,84.24,63,84,#NAME?,#NAME?,#NAME?,#NAME?,#NAME?,#NAME?,#NAME?,0,pre-pattern 
33,25,0,60,80,63,80,#NAME?,#NAME?,#NAME?,#NAME?,#NAME?,#NAME?,#NAME?,1,drawn_seg 
34,34,0,63,80,73,80,#NAME?,#NAME?,#NAME?,#NAME?,#NAME?,#NAME?,#NAME?,0,post-pattern 
33,33,4,73,80,72.3,80,#NAME?,#NAME?,68.3,80,72.159,80,#NAME?,0,travel 
34,34,0,72.3,80,72,80,#NAME?,#NAME?,#NAME?,#NAME?,#NAME?,#NAME?,#NAME?,0,pre-pattern 
34,33,0,72,80,69,80,#NAME?,#NAME?,#NAME?,#NAME?,#NAME?,#NAME?,#NAME?,1,drawn_seg 
35,35,0,69,80,59,80,#NAME?,#NAME?,#NAME?,#NAME?,#NAME?,#NAME?,#NAME?,0,post-pattern 
34,34,4,59,80,48.3,81,#NAME?,#NAME?,63.7,80,48.159,81,#NAME?,0,travel 
35,35,0,48.3,81,48,81,#NAME?,#NAME?,#NAME?,#NAME?,#NAME?,#NAME?,#NAME?,0,pre-pattern 
35,16,0,48,81,45,81,#NAME?,#NAME?,#NAME?,#NAME?,#NAME?,#NAME?,#NAME?,1,drawn_seg 
36,36,0,45,81,35,81,#NAME?,#NAME?,#NAME?,#NAME?,#NAME?,#NAME?,#NAME?,0,post-pattern 
35,35,4,35,81,30,78.3,#NAME?,#NAME?,39.7,81,30,78.159,#NAME?,0,travel 
36,36,0,30,78.3,30,78,#NAME?,#NAME?,#NAME?,#NAME?,#NAME?,#NAME?,#NAME?,0,pre-pattern 
36,8,0,30,78,30,75,#NAME?,#NAME?,#NAME?,#NAME?,#NAME?,#NAME?,#NAME?,1,drawn_seg 
37,37,0,30,75,30,65,#NAME?,#NAME?,#NAME?,#NAME?,#NAME?,#NAME?,#NAME?,0,post-pattern 
36,36,4,30,65,42,74.7,#NAME?,#NAME?,30,69.7,42,74.841,#NAME?,0,travel 
37,37,0,42,74.7,42,75,#NAME?,#NAME?,#NAME?,#NAME?,#NAME?,#NAME?,#NAME?,0,pre-pattern 
37,9,0,42,75,42,82,#NAME?,#NAME?,#NAME?,#NAME?,#NAME?,#NAME?,#NAME?,1,drawn_seg 
38,38,0,42,82,42,92,#NAME?,#NAME?,#NAME?,#NAME?,#NAME?,#NAME?,#NAME?,0,post-pattern 
37,37,4,42,92,45,81.3,#NAME?,#NAME?,42,87.3,45,81.159,#NAME?,0,travel 
38,38,0,45,81.3,45,81,#NAME?,#NAME?,#NAME?,#NAME?,#NAME?,#NAME?,#NAME?,0,pre-pattern 
38,17,0,45,81,45,75,#NAME?,#NAME?,#NAME?,#NAME?,#NAME?,#NAME?,#NAME?,1,drawn_seg 
39,39,0,45,75,45,65,#NAME?,#NAME?,#NAME?,#NAME?,#NAME?,#NAME?,#NAME?,0,post-pattern 
38,38,4,45,65,48,74.7,#NAME?,#NAME?,45,69.7,48,74.841,#NAME?,0,travel 
39,39,0,48,74.7,48,75,#NAME?,#NAME?,#NAME?,#NAME?,#NAME?,#NAME?,#NAME?,0,pre-pattern 
39,15,0,48,75,48,81,#NAME?,#NAME?,#NAME?,#NAME?,#NAME?,#NAME?,#NAME?,1,drawn_seg 
40,40,0,48,81,48,91,#NAME?,#NAME?,#NAME?,#NAME?,#NAME?,#NAME?,#NAME?,0,post-pattern 
39,39,4,48,91,51,82.3,#NAME?,#NAME?,48,86.3,51,82.159,#NAME?,0,travel 
40,40,0,51,82.3,51,82,#NAME?,#NAME?,#NAME?,#NAME?,#NAME?,#NAME?,#NAME?,0,pre-pattern 
40,13,0,51,82,51,75,#NAME?,#NAME?,#NAME?,#NAME?,#NAME?,#NAME?,#NAME?,1,drawn_seg 
41,41,0,51,75,51,65,#NAME?,#NAME?,#NAME?,#NAME?,#NAME?,#NAME?,#NAME?,0,post-pattern 
40,40,4,51,65,54,74.7,#NAME?,#NAME?,51,69.7,54,74.841,#NAME?,0,travel 
41,41,0,54,74.7,54,75,#NAME?,#NAME?,#NAME?,#NAME?,#NAME?,#NAME?,#NAME?,0,pre-pattern 
41,19,0,54,75,54,84,#NAME?,#NAME?,#NAME?,#NAME?,#NAME?,#NAME?,#NAME?,1,drawn_seg 
42,42,0,54,84,54,94,#NAME?,#NAME?,#NAME?,#NAME?,#NAME?,#NAME?,#NAME?,0,post-pattern 
41,41,4,54,94,57,84.3,#NAME?,#NAME?,54,89.3,57,84.159,#NAME?,0,travel 
42,42,0,57,84.3,57,84,#NAME?,#NAME?,#NAME?,#NAME?,#NAME?,#NAME?,#NAME?,0,pre-pattern 
42,21,0,57,84,57,81,#NAME?,#NAME?,#NAME?,#NAME?,#NAME?,#NAME?,#NAME?,1,drawn_seg 
43,43,0,57,81,57,71,#NAME?,#NAME?,#NAME?,#NAME?,#NAME?,#NAME?,#NAME?,0,post-pattern 
42,42,4,57,71,45.3,75,#NAME?,#NAME?,57,75.7,45.159,75,#NAME?,0,travel 
43,43,0,45.3,75,45,75,#NAME?,#NAME?,#NAME?,#NAME?,#NAME?,#NAME?,#NAME?,0,pre-pattern 
43,18,0,45,75,42,75,#NAME?,#NAME?,#NAME?,#NAME?,#NAME?,#NAME?,#NAME?,1,drawn_seg 
44,44,0,42,75,32,75,#NAME?,#NAME?,#NAME?,#NAME?,#NAME?,#NAME?,#NAME?,0,post-pattern 
43,43,4,32,75,41.7879,81.7879,#NAME?,#NAME?,36.7,75,41.8876,81.8876,#NAME?,0,travel 
44,44,0,41.7879,81.7879,42,82,#NAME?,#NAME?,#NAME?,#NAME?,#NAME?,#NAME?,#NAME?,0,pre-pattern 
44,10,0,42,82,44,84,#NAME?,#NAME?,#NAME?,#NAME?,#NAME?,#NAME?,#NAME?,1,drawn_seg 
45,45,0,44,84,51.0711,91.0711,#NAME?,#NAME?,#NAME?,#NAME?,#NAME?,#NAME?,#NAME?,0,post-pattern 
44,44,4,51.0711,91.0711,59.7,84,#NAME?,#NAME?,47.7477,87.7477,59.841,84,#NAME?,0,travel 
45,45,0,59.7,84,60,84,#NAME?,#NAME?,#NAME?,#NAME?,#NAME?,#NAME?,#NAME?,0,pre-pattern 
45,23,0,60,84,63,84,#NAME?,#NAME?,#NAME?,#NAME?,#NAME?,#NAME?,#NAME?,1,drawn_seg 
46,46,0,63,84,73,84,#NAME?,#NAME?,#NAME?,#NAME?,#NAME?,#NAME?,#NAME?,0,post-pattern 
45,45,4,73,84,79,78.3,#NAME?,#NAME?,68.3,84,79,78.159,#NAME?,0,travel 
46,46,0,79,78.3,79,78,#NAME?,#NAME?,#NAME?,#NAME?,#NAME?,#NAME?,#NAME?,0,pre-pattern 
46,45,0,79,78,79,75,#NAME?,#NAME?,#NAME?,#NAME?,#NAME?,#NAME?,#NAME?,1,drawn_seg 
47,47,0,79,75,79,65,#NAME?,#NAME?,#NAME?,#NAME?,#NAME?,#NAME?,#NAME?,0,post-pattern 
46,46,4,79,65,74.3,75,#NAME?,#NAME?,79,69.7,74.159,75,#NAME?,0,travel 
47,47,0,74.3,75,74,75,#NAME?,#NAME?,#NAME?,#NAME?,#NAME?,#NAME?,#NAME?,0,pre-pattern 
47,37,0,74,75,66,75,#NAME?,#NAME?,#NAME?,#NAME?,#NAME?,#NAME?,#NAME?,1,drawn_seg 
48,48,0,66,75,56,75,#NAME?,#NAME?,#NAME?,#NAME?,#NAME?,#NAME?,#NAME?,0,post-pattern 
47,47,4,56,75,56.7879,80.7879,#NAME?,#NAME?,60.7,75,56.8876,80.8876,#NAME?,0,travel 
48,48,0,56.7879,80.7879,57,81,#NAME?,#NAME?,#NAME?,#NAME?,#NAME?,#NAME?,#NAME?,0,pre-pattern 
48,22,0,57,81,60,84,#NAME?,#NAME?,#NAME?,#NAME?,#NAME?,#NAME?,#NAME?,1,drawn_seg 
49,49,0,60,84,67.0711,91.0711,#NAME?,#NAME?,#NAME?,#NAME?,#NAME?,#NAME?,#NAME?,0,post-pattern 
48,48,4,67.0711,91.0711,72,82.3,#NAME?,#NAME?,63.7477,87.7477,72,82.159,#NAME?,0,travel 
49,49,0,72,82.3,72,82,#NAME?,#NAME?,#NAME?,#NAME?,#NAME?,#NAME?,#NAME?,0,pre-pattern 
49,32,0,72,82,72,80,#NAME?,#NAME?,#NAME?,#NAME?,#NAME?,#NAME?,#NAME?,1,drawn_seg 
50,50,0,72,80,72,70,#NAME?,#NAME?,#NAME?,#NAME?,#NAME?,#NAME?,#NAME?,0,post-pattern 
49,49,4,72,70,78.7,75,#NAME?,#NAME?,72,74.7,78.841,75,#NAME?,0,travel 
50,50,0,78.7,75,79,75,#NAME?,#NAME?,#NAME?,#NAME?,#NAME?,#NAME?,#NAME?,0,pre-pattern 
50,38,0,79,75,88,75,#NAME?,#NAME?,#NAME?,#NAME?,#NAME?,#NAME?,#NAME?,1,drawn_seg 
51,51,0,88,75,98,75,#NAME?,#NAME?,#NAME?,#NAME?,#NAME?,#NAME?,#NAME?,0,post-pattern 
50,50,4,98,75,107.7,75,#NAME?,#NAME?,93.3,75,107.841,75,#NAME?,0,travel 
51,51,0,107.7,75,108,75,#NAME?,#NAME?,#NAME?,#NAME?,#NAME?,#NAME?,#NAME?,0,pre-pattern 
51,58,0,108,75,111,75,#NAME?,#NAME?,#NAME?,#NAME?,#NAME?,#NAME?,#NAME?,1,drawn_seg 
52,52,0,111,75,121,75,#NAME?,#NAME?,#NAME?,#NAME?,#NAME?,#NAME?,#NAME?,0,post-pattern 
51,51,4,121,75,123.25,77.8336,#NAME?,#NAME?,116.3,75,123.132,77.9118,#NAME?,0,travel 
52,52,0,123.25,77.8336,123,78,#NAME?,#NAME?,#NAME?,#NAME?,#NAME?,#NAME?,#NAME?,0,pre-pattern 
52,70,0,123,78,120,80,#NAME?,#NAME?,#NAME?,#NAME?,#NAME?,#NAME?,#NAME?,1,drawn_seg 
53,53,0,120,80,111.679,85.547,#NAME?,#NAME?,#NAME?,#NAME?,#NAME?,#NAME?,#NAME?,0,post-pattern 
52,52,4,111.679,85.547,102,84.3,#NAME?,#NAME?,115.59,82.9399,102,84.159,#NAME?,0,travel 
53,53,0,102,84.3,102,84,#NAME?,#NAME?,#NAME?,#NAME?,#NAME?,#NAME?,#NAME?,0,pre-pattern 
53,64,0,102,84,102,75,#NAME?,#NAME?,#NAME?,#NAME?,#NAME?,#NAME?,#NAME?,1,drawn_seg 
54,54,0,102,75,102,65,#NAME?,#NAME?,#NAME?,#NAME?,#NAME?,#NAME?,#NAME?,0,post-pattern 
53,53,4,102,65,104.82,74.76,#NAME?,#NAME?,102,69.7,104.905,74.8728,#NAME?,0,travel 
54,54,0,104.82,74.76,105,75,#NAME?,#NAME?,#NAME?,#NAME?,#NAME?,#NAME?,#NAME?,0,pre-pattern 
54,56,0,105,75,108,79,#NAME?,#NAME?,#NAME?,#NAME?,#NAME?,#NAME?,#NAME?,1,drawn_seg 
55,55,0,108,79,114,87,#NAME?,#NAME?,#NAME?,#NAME?,#NAME?,#NAME?,#NAME?,0,post-pattern 
54,54,4,114,87,111.3,84,#NAME?,#NAME?,111.18,83.24,111.159,84,#NAME?,0,travel 
55,55,0,111.3,84,111,84,#NAME?,#NAME?,#NAME?,#NAME?,#NAME?,#NAME?,#NAME?,0,pre-pattern 
55,60,0,111,84,108,84,#NAME?,#NAME?,#NAME?,#NAME?,#NAME?,#NAME?,#NAME?,1,drawn_seg 
56,56,0,108,84,98,84,#NAME?,#NAME?,#NAME?,#NAME?,#NAME?,#NAME?,#NAME?,0,post-pattern 
55,55,4,98,84,95.7,84,#NAME?,#NAME?,102.7,84,95.841,84,#NAME?,0,travel 
56,56,0,95.7,84,96,84,#NAME?,#NAME?,#NAME?,#NAME?,#NAME?,#NAME?,#NAME?,0,pre-pattern 
56,50,0,96,84,99,84,#NAME?,#NAME?,#NAME?,#NAME?,#NAME?,#NAME?,#NAME?,1,drawn_seg 
57,57,0,99,84,109,84,#NAME?,#NAME?,#NAME?,#NAME?,#NAME?,#NAME?,#NAME?,0,post-pattern 
56,56,4,109,84,117.3,84,#NAME?,#NAME?,104.3,84,117.159,84,#NAME?,0,travel 
57,57,0,117.3,84,117,84,#NAME?,#NAME?,#NAME?,#NAME?,#NAME?,#NAME?,#NAME?,0,pre-pattern 
57,75,0,117,84,114,84,#NAME?,#NAME?,#NAME?,#NAME?,#NAME?,#NAME?,#NAME?,1,drawn_seg 
58,58,0,114,84,104,84,#NAME?,#NAME?,#NAME?,#NAME?,#NAME?,#NAME?,#NAME?,0,post-pattern 
57,57,4,104,84,99.0949,84.2846,#NAME?,#NAME?,108.7,84,99.0503,84.1508,#NAME?,0,travel 
58,58,0,99.0949,84.2846,99,84,#NAME?,#NAME?,#NAME?,#NAME?,#NAME?,#NAME?,#NAME?,0,pre-pattern 
58,51,0,99,84,96,75,#NAME?,#NAME?,#NAME?,#NAME?,#NAME?,#NAME?,#NAME?,1,drawn_seg 
59,59,0,96,75,92.8377,65.5132,#NAME?,#NAME?,#NAME?,#NAME?,#NAME?,#NAME?,#NAME?,0,post-pattern 
58,58,4,92.8377,65.5132,96,80.7,#NAME?,#NAME?,94.324,69.972,96,80.841,#NAME?,0,travel 
59,59,0,96,80.7,96,81,#NAME?,#NAME?,#NAME?,#NAME?,#NAME?,#NAME?,#NAME?,0,pre-pattern 
59,49,0,96,81,96,84,#NAME?,#NAME?,#NAME?,#NAME?,#NAME?,#NAME?,#NAME?,1,drawn_seg 
60,60,0,96,84,96,94,#NAME?,#NAME?,#NAME?,#NAME?,#NAME?,#NAME?,#NAME?,0,post-pattern 
59,59,4,96,94,88.3,78,#NAME?,#NAME?,96,89.3,88.159,78,#NAME?,0,travel 
60,60,0,88.3,78,88,78,#NAME?,#NAME?,#NAME?,#NAME?,#NAME?,#NAME?,#NAME?,0,pre-pattern 
60,40,0,88,78,85,78,#NAME?,#NAME?,#NAME?,#NAME?,#NAME?,#NAME?,#NAME?,1,drawn_seg 
61,61,0,85,78,75,78,#NAME?,#NAME?,#NAME?,#NAME?,#NAME?,#NAME?,#NAME?,0,post-pattern 
60,60,4,75,78,74,78.3,#NAME?,#NAME?,79.7,78,74,78.159,#NAME?,0,travel 
61,61,0,74,78.3,74,78,#NAME?,#NAME?,#NAME?,#NAME?,#NAME?,#NAME?,#NAME?,0,pre-pattern 
61,36,0,74,78,74,75,#NAME?,#NAME?,#NAME?,#NAME?,#NAME?,#NAME?,#NAME?,1,drawn_seg 
62,62,0,74,75,74,65,#NAME?,#NAME?,#NAME?,#NAME?,#NAME?,#NAME?,#NAME?,0,post-pattern 
61,61,4,74,65,63,80.3,#NAME?,#NAME?,74,69.7,63,80.159,#NAME?,0,travel 
62,62,0,63,80.3,63,80,#NAME?,#NAME?,#NAME?,#NAME?,#NAME?,#NAME?,#NAME?,0,pre-pattern 
62,26,0,63,80,63,75,#NAME?,#NAME?,#NAME?,#NAME?,#NAME?,#NAME?,#NAME?,1,drawn_seg 
63,63,0,63,75,63,65,#NAME?,#NAME?,#NAME?,#NAME?,#NAME?,#NAME?,#NAME?,0,post-pattern 
62,62,4,63,65,65.7,84,#NAME?,#NAME?,63,69.7,65.841,84,#NAME?,0,travel 
63,63,0,65.7,84,66,84,#NAME?,#NAME?,#NAME?,#NAME?,#NAME?,#NAME?,#NAME?,0,pre-pattern 
63,29,0,66,84,69,84,#NAME?,#NAME?,#NAME?,#NAME?,#NAME?,#NAME?,#NAME?,1,drawn_seg 
64,64,0,69,84,79,84,#NAME?,#NAME?,#NAME?,#NAME?,#NAME?,#NAME?,#NAME?,0,post-pattern 
63,63,4,79,84,101.7,75,#NAME?,#NAME?,74.3,84,101.841,75,#NAME?,0,travel 
64,64,0,101.7,75,102,75,#NAME?,#NAME?,#NAME?,#NAME?,#NAME?,#NAME?,#NAME?,0,pre-pattern 
64,55,0,102,75,105,75,#NAME?,#NAME?,#NAME?,#NAME?,#NAME?,#NAME?,#NAME?,1,drawn_seg 
65,65,0,105,75,115,75,#NAME?,#NAME?,#NAME?,#NAME?,#NAME?,#NAME?,#NAME?,0,post-pattern 
64,64,4,115,75,119.82,79.76,#NAME?,#NAME?,110.3,75,119.905,79.8728,#NAME?,0,travel 
65,65,0,119.82,79.76,120,80,#NAME?,#NAME?,#NAME?,#NAME?,#NAME?,#NAME?,#NAME?,0,pre-pattern 
65,71,0,120,80,123,84,#NAME?,#NAME?,#NAME?,#NAME?,#NAME?,#NAME?,#NAME?,1,drawn_seg 
66,66,0,123,84,129,92,#NAME?,#NAME?,#NAME?,#NAME?,#NAME?,#NAME?,#NAME?,0,post-pattern 
65,65,4,129,92,117,80.7,#NAME?,#NAME?,126.18,88.24,117,80.841,#NAME?,0,travel 
66,66,0,117,80.7,117,81,#NAME?,#NAME?,#NAME?,#NAME?,#NAME?,#NAME?,#NAME?,0,pre-pattern 
66,74,0,117,81,117,84,#NAME?,#NAME?,#NAME?,#NAME?,#NAME?,#NAME?,#NAME?,1,drawn_seg 
67,67,0,117,84,117,94,#NAME?,#NAME?,#NAME?,#NAME?,#NAME?,#NAME?,#NAME?,0,post-pattern 
66,66,4,117,94,119.7,75,#NAME?,#NAME?,117,89.3,119.841,75,#NAME?,0,travel 
67,67,0,119.7,75,120,75,#NAME?,#NAME?,#NAME?,#NAME?,#NAME?,#NAME?,#NAME?,0,pre-pattern 
67,68,0,120,75,123,75,#NAME?,#NAME?,#NAME?,#NAME?,#NAME?,#NAME?,#NAME?,1,drawn_seg 
68,68,0,123,75,133,75,#NAME?,#NAME?,#NAME?,#NAME?,#NAME?,#NAME?,#NAME?,0,post-pattern 
67,67,4,133,75,113.7,75,#NAME?,#NAME?,128.3,75,113.841,75,#NAME?,0,travel 
68,68,0,113.7,75,114,75,#NAME?,#NAME?,#NAME?,#NAME?,#NAME?,#NAME?,#NAME?,0,pre-pattern 
68,65,0,114,75,117,75,#NAME?,#NAME?,#NAME?,#NAME?,#NAME?,#NAME?,#NAME?,1,drawn_seg 
69,69,0,117,75,127,75,#NAME?,#NAME?,#NAME?,#NAME?,#NAME?,#NAME?,#NAME?,0,post-pattern 
68,68,4,127,75,105,79.7,#NAME?,#NAME?,122.3,75,105,79.841,#NAME?,0,travel 
69,69,0,105,79.7,105,80,#NAME?,#NAME?,#NAME?,#NAME?,#NAME?,#NAME?,#NAME?,0,pre-pattern 
69,62,0,105,80,105,84,#NAME?,#NAME?,#NAME?,#NAME?,#NAME?,#NAME?,#NAME?,1,drawn_seg 
70,70,0,105,84,105,94,#NAME?,#NAME?,#NAME?,#NAME?,#NAME?,#NAME?,#NAME?,0,post-pattern 
69,69,4,105,94,96.3,75,#NAME?,#NAME?,105,89.3,96.159,75,#NAME?,0,travel 
70,70,0,96.3,75,96,75,#NAME?,#NAME?,#NAME?,#NAME?,#NAME?,#NAME?,#NAME?,0,pre-pattern 
70,53,0,96,75,93,75,#NAME?,#NAME?,#NAME?,#NAME?,#NAME?,#NAME?,#NAME?,1,drawn_seg 
71,71,0,93,75,83,75,#NAME?,#NAME?,#NAME?,#NAME?,#NAME?,#NAME?,#NAME?,0,post-pattern 
70,70,4,83,75,63.18,84.24,#NAME?,#NAME?,87.7,75,63.0954,84.1272,#NAME?,0,travel 
71,71,0,63.18,84.24,63,84,#NAME?,#NAME?,#NAME?,#NAME?,#NAME?,#NAME?,#NAME?,0,pre-pattern 
71,24,0,63,84,60,80,#NAME?,#NAME?,#NAME?,#NAME?,#NAME?,#NAME?,#NAME?,1,drawn_seg 
71,71,0,60,80,54,72,#NAME?,#NAME?,#NAME?,#NAME?,#NAME?,#NAME?,#NAME?,0,post-pattern 
71,71,4,54,72,39.3,78,#NAME?,#NAME?,56.82,75.76,39.159,78,#NAME?,0,travel 
72,72,0,39.3,78,39,78,#NAME?,#NAME?,#NAME?,#NAME?,#NAME?,#NAME?,#NAME?,0,pre-pattern 
72,3,0,39,78,36,78,#NAME?,#NAME?,#NAME?,#NAME?,#NAME?,#NAME?,#NAME?,1,drawn_seg 
73,73,0,36,78,26,78,#NAME?,#NAME?,#NAME?,#NAME?,#NAME?,#NAME?,#NAME?,0,post-pattern 
72,72,4,26,78,43.7,84,#NAME?,#NAME?,30.7,78,43.841,84,#NAME?,0,travel 
73,73,0,43.7,84,44,84,#NAME?,#NAME?,#NAME?,#NAME?,#NAME?,#NAME?,#NAME?,0,pre-pattern 
73,11,0,44,84,49,84,#NAME?,#NAME?,#NAME?,#NAME?,#NAME?,#NAME?,#NAME?,1,drawn_seg 
74,74,0,49,84,59,84,#NAME?,#NAME?,#NAME?,#NAME?,#NAME?,#NAME?,#NAME?,0,post-pattern 
73,73,4,59,84,53.7,84,#NAME?,#NAME?,54.3,84,53.841,84,#NAME?,0,travel 
74,74,0,53.7,84,54,84,#NAME?,#NAME?,#NAME?,#NAME?,#NAME?,#NAME?,#NAME?,0,pre-pattern 
74,20,0,54,84,57,84,#NAME?,#NAME?,#NAME?,#NAME?,#NAME?,#NAME?,#NAME?,1,drawn_seg 
74,74,0,57,84,67,84,#NAME?,#NAME?,#NAME?,#NAME?,#NAME?,#NAME?,#NAME?,0,post-pattern 
74,74,4,67,84,36.3,84,#NAME?,#NAME?,62.3,84,36.159,84,#NAME?,0,travel 
75,75,0,36.3,84,36,84,#NAME?,#NAME?,#NAME?,#NAME?,#NAME?,#NAME?,#NAME?,0,pre-pattern 
75,5,0,36,84,33,84,#NAME?,#NAME?,#NAME?,#NAME?,#NAME?,#NAME?,#NAME?,1,drawn_seg 
75,75,0,33,84,23,84,#NAME?,#NAME?,#NAME?,#NAME?,#NAME?,#NAME?,#NAME?,0,post-pattern 
