new_order,old_order,line-type,p1_x,p1_y,p2_x,p2_y,rx,ry,bezier p3_x,bezier p3_y,bezier p4_x,bezier p4_y,filled,work,travle_type
0,0,0,70,100,100,100,-nan(ind),-nan(ind),-nan(ind),-nan(ind),-nan(ind),-nan(ind),-nan(ind),0,pre-pattern 
0,0,0,100,100,1300,100,-nan(ind),-nan(ind),-nan(ind),-nan(ind),-nan(ind),-nan(ind),-nan(ind),1,drawn_seg 
1,1,0,1300,100,1330,100,-nan(ind),-nan(ind),-nan(ind),-nan(ind),-nan(ind),-nan(ind),-nan(ind),0,post-pattern 
0,0,4,1330,100,237.474,537.929,-nan(ind),-nan(ind),1630,100,515.065,424.16,-nan(ind),0,travel 
1,1,0,237.474,537.929,209.715,549.306,-nan(ind),-nan(ind),-nan(ind),-nan(ind),-nan(ind),-nan(ind),-nan(ind),0,pre-pattern 
1,23,1,210,550,209.715,549.306,0.75,0.75,-nan(ind),-nan(ind),-nan(ind),-nan(ind),1,1,drawn_seg 
2,2,0,209.715,549.306,181.956,560.683,-nan(ind),-nan(ind),-nan(ind),-nan(ind),-nan(ind),-nan(ind),-nan(ind),0,post-pattern 
1,1,4,181.956,560.683,662.274,636.085,-nan(ind),-nan(ind),-95.6344,674.452,367.251,581.665,-nan(ind),0,travel 
2,2,0,662.274,636.085,691.776,641.527,-nan(ind),-nan(ind),-nan(ind),-nan(ind),-nan(ind),-nan(ind),-nan(ind),0,pre-pattern 
2,21,1,700,550,691.776,641.527,91.5,91.5,-nan(ind),-nan(ind),-nan(ind),-nan(ind),0,1,drawn_seg 
3,3,0,691.776,641.527,721.279,646.969,-nan(ind),-nan(ind),-nan(ind),-nan(ind),-nan(ind),-nan(ind),-nan(ind),0,post-pattern 
2,2,4,721.279,646.969,699.755,580.005,-nan(ind),-nan(ind),1016.3,701.389,689.804,879.84,-nan(ind),0,travel 
3,3,0,699.755,580.005,700.75,550.022,-nan(ind),-nan(ind),-nan(ind),-nan(ind),-nan(ind),-nan(ind),-nan(ind),0,pre-pattern 
3,22,1,700,550,700.75,550.022,0.75,0.75,-nan(ind),-nan(ind),-nan(ind),-nan(ind),1,1,drawn_seg 
4,4,0,700.75,550.022,701.745,520.038,-nan(ind),-nan(ind),-nan(ind),-nan(ind),-nan(ind),-nan(ind),-nan(ind),0,post-pattern 
3,3,4,701.745,520.038,1159.99,550.337,-nan(ind),-nan(ind),711.696,220.203,860.021,546.213,-nan(ind),0,travel 
4,4,0,1159.99,550.337,1189.99,550.75,-nan(ind),-nan(ind),-nan(ind),-nan(ind),-nan(ind),-nan(ind),-nan(ind),0,pre-pattern 
4,24,1,1190,550,1189.99,550.75,0.75,0.75,-nan(ind),-nan(ind),-nan(ind),-nan(ind),1,1,drawn_seg 
5,5,0,1189.99,550.75,1190.99,550.764,-nan(ind),-nan(ind),-nan(ind),-nan(ind),-nan(ind),-nan(ind),-nan(ind),0,post-pattern 
4,4,4,1190.99,550.764,1215,458.5,-nan(ind),-nan(ind),1519.96,555.287,-8655,458.5,-nan(ind),0,travel 
5,5,0,1215,458.5,1245,458.5,-nan(ind),-nan(ind),-nan(ind),-nan(ind),-nan(ind),-nan(ind),-nan(ind),0,pre-pattern 
5,16,0,1245,458.5,1300,458.5,-nan(ind),-nan(ind),-nan(ind),-nan(ind),-nan(ind),-nan(ind),-nan(ind),1,drawn_seg 
6,6,0,1300,458.5,1301,458.5,-nan(ind),-nan(ind),-nan(ind),-nan(ind),-nan(ind),-nan(ind),-nan(ind),0,post-pattern 
5,5,4,1301,458.5,1300,428.5,-nan(ind),-nan(ind),1630,458.5,1300,-9441.5,-nan(ind),0,travel 
6,6,0,1300,428.5,1300,458.5,-nan(ind),-nan(ind),-nan(ind),-nan(ind),-nan(ind),-nan(ind),-nan(ind),0,pre-pattern 
6,17,0,1300,458.5,1300,641.5,-nan(ind),-nan(ind),-nan(ind),-nan(ind),-nan(ind),-nan(ind),-nan(ind),1,drawn_seg 
7,7,0,1300,641.5,1300,642.5,-nan(ind),-nan(ind),-nan(ind),-nan(ind),-nan(ind),-nan(ind),-nan(ind),0,post-pattern 
6,6,4,1300,642.5,1330,641.5,-nan(ind),-nan(ind),1300,971.5,11200,641.5,-nan(ind),0,travel 
7,7,0,1330,641.5,1300,641.5,-nan(ind),-nan(ind),-nan(ind),-nan(ind),-nan(ind),-nan(ind),-nan(ind),0,pre-pattern 
7,18,0,1300,641.5,1245,641.5,-nan(ind),-nan(ind),-nan(ind),-nan(ind),-nan(ind),-nan(ind),-nan(ind),1,drawn_seg 
8,8,0,1245,641.5,1244,641.5,-nan(ind),-nan(ind),-nan(ind),-nan(ind),-nan(ind),-nan(ind),-nan(ind),0,post-pattern 
7,7,4,1244,641.5,1245,671.5,-nan(ind),-nan(ind),915,641.5,1245,10541.5,-nan(ind),0,travel 
8,8,0,1245,671.5,1245,641.5,-nan(ind),-nan(ind),-nan(ind),-nan(ind),-nan(ind),-nan(ind),-nan(ind),0,pre-pattern 
8,19,0,1245,641.5,1245,458.5,-nan(ind),-nan(ind),-nan(ind),-nan(ind),-nan(ind),-nan(ind),-nan(ind),1,drawn_seg 
9,9,0,1245,458.5,1245,457.5,-nan(ind),-nan(ind),-nan(ind),-nan(ind),-nan(ind),-nan(ind),-nan(ind),0,post-pattern 
8,8,4,1245,457.5,1300,318.5,-nan(ind),-nan(ind),1245,128.5,1300,-9551.5,-nan(ind),0,travel 
9,9,0,1300,318.5,1300,348.5,-nan(ind),-nan(ind),-nan(ind),-nan(ind),-nan(ind),-nan(ind),-nan(ind),0,pre-pattern 
9,9,0,1300,348.5,1300,751.5,-nan(ind),-nan(ind),-nan(ind),-nan(ind),-nan(ind),-nan(ind),-nan(ind),1,drawn_seg 
10,10,0,1300,751.5,1300,752.5,-nan(ind),-nan(ind),-nan(ind),-nan(ind),-nan(ind),-nan(ind),-nan(ind),0,post-pattern 
9,9,4,1300,752.5,1330,751.5,-nan(ind),-nan(ind),1300,1081.5,11200,751.5,-nan(ind),0,travel 
10,10,0,1330,751.5,1300,751.5,-nan(ind),-nan(ind),-nan(ind),-nan(ind),-nan(ind),-nan(ind),-nan(ind),0,pre-pattern 
10,10,0,1300,751.5,1135,751.5,-nan(ind),-nan(ind),-nan(ind),-nan(ind),-nan(ind),-nan(ind),-nan(ind),1,drawn_seg 
11,11,0,1135,751.5,1134,751.5,-nan(ind),-nan(ind),-nan(ind),-nan(ind),-nan(ind),-nan(ind),-nan(ind),0,post-pattern 
10,10,4,1134,751.5,1135,781.5,-nan(ind),-nan(ind),805,751.5,1135,10651.5,-nan(ind),0,travel 
11,11,0,1135,781.5,1135,751.5,-nan(ind),-nan(ind),-nan(ind),-nan(ind),-nan(ind),-nan(ind),-nan(ind),0,pre-pattern 
11,11,0,1135,751.5,1135,348.5,-nan(ind),-nan(ind),-nan(ind),-nan(ind),-nan(ind),-nan(ind),-nan(ind),1,drawn_seg 
12,12,0,1135,348.5,1135,347.5,-nan(ind),-nan(ind),-nan(ind),-nan(ind),-nan(ind),-nan(ind),-nan(ind),0,post-pattern 
11,11,4,1135,347.5,1105,348.5,-nan(ind),-nan(ind),1135,18.5,-8765,348.5,-nan(ind),0,travel 
12,12,0,1105,348.5,1135,348.5,-nan(ind),-nan(ind),-nan(ind),-nan(ind),-nan(ind),-nan(ind),-nan(ind),0,pre-pattern 
12,8,0,1135,348.5,1300,348.5,-nan(ind),-nan(ind),-nan(ind),-nan(ind),-nan(ind),-nan(ind),-nan(ind),1,drawn_seg 
12,12,0,1300,348.5,1301,348.5,-nan(ind),-nan(ind),-nan(ind),-nan(ind),-nan(ind),-nan(ind),-nan(ind),0,post-pattern 
12,12,4,1301,348.5,1300,70,-nan(ind),-nan(ind),1630,348.5,1300,-9800,-nan(ind),0,travel 
13,13,0,1300,70,1300,100,-nan(ind),-nan(ind),-nan(ind),-nan(ind),-nan(ind),-nan(ind),-nan(ind),0,pre-pattern 
13,1,0,1300,100,1300,1000,-nan(ind),-nan(ind),-nan(ind),-nan(ind),-nan(ind),-nan(ind),-nan(ind),1,drawn_seg 
13,13,0,1300,1000,1300,1001,-nan(ind),-nan(ind),-nan(ind),-nan(ind),-nan(ind),-nan(ind),-nan(ind),0,post-pattern 
13,13,4,1300,1001,1330,1000,-nan(ind),-nan(ind),1300,1330,11200,1000,-nan(ind),0,travel 
14,14,0,1330,1000,1300,1000,-nan(ind),-nan(ind),-nan(ind),-nan(ind),-nan(ind),-nan(ind),-nan(ind),0,pre-pattern 
14,2,0,1300,1000,100,1000,-nan(ind),-nan(ind),-nan(ind),-nan(ind),-nan(ind),-nan(ind),-nan(ind),1,drawn_seg 
14,14,0,100,1000,99,1000,-nan(ind),-nan(ind),-nan(ind),-nan(ind),-nan(ind),-nan(ind),-nan(ind),0,post-pattern 
14,14,4,99,1000,100,1030,-nan(ind),-nan(ind),-230,1000,100,10900,-nan(ind),0,travel 
15,15,0,100,1030,100,1000,-nan(ind),-nan(ind),-nan(ind),-nan(ind),-nan(ind),-nan(ind),-nan(ind),0,pre-pattern 
15,3,0,100,1000,100,100,-nan(ind),-nan(ind),-nan(ind),-nan(ind),-nan(ind),-nan(ind),-nan(ind),1,drawn_seg 
15,15,0,100,100,100,99,-nan(ind),-nan(ind),-nan(ind),-nan(ind),-nan(ind),-nan(ind),-nan(ind),0,post-pattern 
15,15,4,100,99,70,348.5,-nan(ind),-nan(ind),100,-230,-9800,348.5,-nan(ind),0,travel 
16,16,0,70,348.5,100,348.5,-nan(ind),-nan(ind),-nan(ind),-nan(ind),-nan(ind),-nan(ind),-nan(ind),0,pre-pattern 
16,4,0,100,348.5,265,348.5,-nan(ind),-nan(ind),-nan(ind),-nan(ind),-nan(ind),-nan(ind),-nan(ind),1,drawn_seg 
16,16,0,265,348.5,266,348.5,-nan(ind),-nan(ind),-nan(ind),-nan(ind),-nan(ind),-nan(ind),-nan(ind),0,post-pattern 
16,16,4,266,348.5,265,318.5,-nan(ind),-nan(ind),595,348.5,265,-9551.5,-nan(ind),0,travel 
17,17,0,265,318.5,265,348.5,-nan(ind),-nan(ind),-nan(ind),-nan(ind),-nan(ind),-nan(ind),-nan(ind),0,pre-pattern 
17,5,0,265,348.5,265,751.5,-nan(ind),-nan(ind),-nan(ind),-nan(ind),-nan(ind),-nan(ind),-nan(ind),1,drawn_seg 
17,17,0,265,751.5,265,752.5,-nan(ind),-nan(ind),-nan(ind),-nan(ind),-nan(ind),-nan(ind),-nan(ind),0,post-pattern 
17,17,4,265,752.5,295,751.5,-nan(ind),-nan(ind),265,1081.5,10165,751.5,-nan(ind),0,travel 
18,18,0,295,751.5,265,751.5,-nan(ind),-nan(ind),-nan(ind),-nan(ind),-nan(ind),-nan(ind),-nan(ind),0,pre-pattern 
18,6,0,265,751.5,100,751.5,-nan(ind),-nan(ind),-nan(ind),-nan(ind),-nan(ind),-nan(ind),-nan(ind),1,drawn_seg 
18,18,0,100,751.5,99,751.5,-nan(ind),-nan(ind),-nan(ind),-nan(ind),-nan(ind),-nan(ind),-nan(ind),0,post-pattern 
18,18,4,99,751.5,100,781.5,-nan(ind),-nan(ind),-230,751.5,100,10651.5,-nan(ind),0,travel 
19,19,0,100,781.5,100,751.5,-nan(ind),-nan(ind),-nan(ind),-nan(ind),-nan(ind),-nan(ind),-nan(ind),0,pre-pattern 
19,7,0,100,751.5,100,348.5,-nan(ind),-nan(ind),-nan(ind),-nan(ind),-nan(ind),-nan(ind),-nan(ind),1,drawn_seg 
20,20,0,100,348.5,100,347.5,-nan(ind),-nan(ind),-nan(ind),-nan(ind),-nan(ind),-nan(ind),-nan(ind),0,post-pattern 
19,19,4,100,347.5,155,428.5,-nan(ind),-nan(ind),100,18.5,155,-9441.5,-nan(ind),0,travel 
20,20,0,155,428.5,155,458.5,-nan(ind),-nan(ind),-nan(ind),-nan(ind),-nan(ind),-nan(ind),-nan(ind),0,pre-pattern 
20,13,0,155,458.5,155,641.5,-nan(ind),-nan(ind),-nan(ind),-nan(ind),-nan(ind),-nan(ind),-nan(ind),1,drawn_seg 
21,21,0,155,641.5,155,642.5,-nan(ind),-nan(ind),-nan(ind),-nan(ind),-nan(ind),-nan(ind),-nan(ind),0,post-pattern 
20,20,4,155,642.5,185,641.5,-nan(ind),-nan(ind),155,971.5,10055,641.5,-nan(ind),0,travel 
21,21,0,185,641.5,155,641.5,-nan(ind),-nan(ind),-nan(ind),-nan(ind),-nan(ind),-nan(ind),-nan(ind),0,pre-pattern 
21,14,0,155,641.5,100,641.5,-nan(ind),-nan(ind),-nan(ind),-nan(ind),-nan(ind),-nan(ind),-nan(ind),1,drawn_seg 
22,22,0,100,641.5,99,641.5,-nan(ind),-nan(ind),-nan(ind),-nan(ind),-nan(ind),-nan(ind),-nan(ind),0,post-pattern 
21,21,4,99,641.5,100,671.5,-nan(ind),-nan(ind),-230,641.5,100,10541.5,-nan(ind),0,travel 
22,22,0,100,671.5,100,641.5,-nan(ind),-nan(ind),-nan(ind),-nan(ind),-nan(ind),-nan(ind),-nan(ind),0,pre-pattern 
22,15,0,100,641.5,100,458.5,-nan(ind),-nan(ind),-nan(ind),-nan(ind),-nan(ind),-nan(ind),-nan(ind),1,drawn_seg 
22,22,0,100,458.5,100,457.5,-nan(ind),-nan(ind),-nan(ind),-nan(ind),-nan(ind),-nan(ind),-nan(ind),0,post-pattern 
22,22,4,100,457.5,70,458.5,-nan(ind),-nan(ind),100,128.5,-9800,458.5,-nan(ind),0,travel 
23,23,0,70,458.5,100,458.5,-nan(ind),-nan(ind),-nan(ind),-nan(ind),-nan(ind),-nan(ind),-nan(ind),0,pre-pattern 
23,12,0,100,458.5,155,458.5,-nan(ind),-nan(ind),-nan(ind),-nan(ind),-nan(ind),-nan(ind),-nan(ind),1,drawn_seg 
23,23,0,155,458.5,156,458.5,-nan(ind),-nan(ind),-nan(ind),-nan(ind),-nan(ind),-nan(ind),-nan(ind),0,post-pattern 
23,23,4,156,458.5,700,70,-nan(ind),-nan(ind),485,458.5,700,-9800,-nan(ind),0,travel 
24,24,0,700,70,700,100,-nan(ind),-nan(ind),-nan(ind),-nan(ind),-nan(ind),-nan(ind),-nan(ind),0,pre-pattern 
24,20,0,700,100,700,1000,-nan(ind),-nan(ind),-nan(ind),-nan(ind),-nan(ind),-nan(ind),-nan(ind),1,drawn_seg 
25,25,0,700,1000,700,1001,-nan(ind),-nan(ind),-nan(ind),-nan(ind),-nan(ind),-nan(ind),-nan(ind),0,post-pattern 
25,25,4,700,1001,70,100,-nan(ind),-nan(ind),700,1040,-1100,100,-nan(ind),0,travel 
