new_order,old_order,line-type,p1_x,p1_y,p2_x,p2_y,rx,ry,bezier p3_x,bezier p3_y,bezier p4_x,bezier p4_y,filled,work,travle_type
0,0,0,10,20,20,20,-nan(ind),-nan(ind),-nan(ind),-nan(ind),-nan(ind),-nan(ind),-nan(ind),0,pre-pattern 
0,0,0,20,20,40,20,-nan(ind),-nan(ind),-nan(ind),-nan(ind),-nan(ind),-nan(ind),-nan(ind),1,drawn_seg 
0,0,0,40,20,50,20,-nan(ind),-nan(ind),-nan(ind),-nan(ind),-nan(ind),-nan(ind),-nan(ind),0,post-pattern 
0,0,4,50,20,44.4721,11.0557,-nan(ind),-nan(ind),55,20,46.7082,6.58359,-nan(ind),0,travel 
1,1,0,44.4721,11.0557,40,20,-nan(ind),-nan(ind),-nan(ind),-nan(ind),-nan(ind),-nan(ind),-nan(ind),0,pre-pattern 
1,1,0,40,20,30,40,-nan(ind),-nan(ind),-nan(ind),-nan(ind),-nan(ind),-nan(ind),-nan(ind),1,drawn_seg 
2,2,0,30,40,25.5279,48.9443,-nan(ind),-nan(ind),-nan(ind),-nan(ind),-nan(ind),-nan(ind),-nan(ind),0,post-pattern 
1,1,4,25.5279,48.9443,31.8377,50.5132,-nan(ind),-nan(ind),23.2918,53.4164,30.2566,45.7698,-nan(ind),0,travel 
2,2,0,31.8377,50.5132,35,60,-nan(ind),-nan(ind),-nan(ind),-nan(ind),-nan(ind),-nan(ind),-nan(ind),0,pre-pattern 
2,8,0,35,60,45,90,-nan(ind),-nan(ind),-nan(ind),-nan(ind),-nan(ind),-nan(ind),-nan(ind),1,drawn_seg 
3,3,0,45,90,48.1623,99.4868,-nan(ind),-nan(ind),-nan(ind),-nan(ind),-nan(ind),-nan(ind),-nan(ind),0,post-pattern 
2,2,4,48.1623,99.4868,52.8087,96.247,-nan(ind),-nan(ind),49.7434,104.23,56.713,99.3704,-nan(ind),0,travel 
3,3,0,52.8087,96.247,45,90,-nan(ind),-nan(ind),-nan(ind),-nan(ind),-nan(ind),-nan(ind),-nan(ind),0,pre-pattern 
3,9,0,45,90,20,70,-nan(ind),-nan(ind),-nan(ind),-nan(ind),-nan(ind),-nan(ind),-nan(ind),1,drawn_seg 
4,4,0,20,70,12.1913,63.753,-nan(ind),-nan(ind),-nan(ind),-nan(ind),-nan(ind),-nan(ind),-nan(ind),0,post-pattern 
3,3,4,12.1913,63.753,10,70,-nan(ind),-nan(ind),8.28697,60.6296,5,70,-nan(ind),0,travel 
4,4,0,10,70,20,70,-nan(ind),-nan(ind),-nan(ind),-nan(ind),-nan(ind),-nan(ind),-nan(ind),0,pre-pattern 
4,10,0,20,70,50,70,-nan(ind),-nan(ind),-nan(ind),-nan(ind),-nan(ind),-nan(ind),-nan(ind),1,drawn_seg 
5,5,0,50,70,60,70,-nan(ind),-nan(ind),-nan(ind),-nan(ind),-nan(ind),-nan(ind),-nan(ind),0,post-pattern 
4,4,4,60,70,57.8087,63.753,-nan(ind),-nan(ind),65,70,61.713,60.6296,-nan(ind),0,travel 
5,5,0,57.8087,63.753,50,70,-nan(ind),-nan(ind),-nan(ind),-nan(ind),-nan(ind),-nan(ind),-nan(ind),0,pre-pattern 
5,11,0,50,70,25,90,-nan(ind),-nan(ind),-nan(ind),-nan(ind),-nan(ind),-nan(ind),-nan(ind),1,drawn_seg 
6,6,0,25,90,17.1913,96.247,-nan(ind),-nan(ind),-nan(ind),-nan(ind),-nan(ind),-nan(ind),-nan(ind),0,post-pattern 
5,5,4,17.1913,96.247,21.8377,99.4868,-nan(ind),-nan(ind),13.287,99.3704,20.2566,104.23,-nan(ind),0,travel 
6,6,0,21.8377,99.4868,25,90,-nan(ind),-nan(ind),-nan(ind),-nan(ind),-nan(ind),-nan(ind),-nan(ind),0,pre-pattern 
6,12,0,25,90,35,60,-nan(ind),-nan(ind),-nan(ind),-nan(ind),-nan(ind),-nan(ind),-nan(ind),1,drawn_seg 
6,6,0,35,60,38.1623,50.5132,-nan(ind),-nan(ind),-nan(ind),-nan(ind),-nan(ind),-nan(ind),-nan(ind),0,post-pattern 
6,6,4,38.1623,50.5132,34.4721,48.9443,-nan(ind),-nan(ind),39.7434,45.7698,36.7082,53.4164,-nan(ind),0,travel 
7,7,0,34.4721,48.9443,30,40,-nan(ind),-nan(ind),-nan(ind),-nan(ind),-nan(ind),-nan(ind),-nan(ind),0,pre-pattern 
7,2,0,30,40,20,20,-nan(ind),-nan(ind),-nan(ind),-nan(ind),-nan(ind),-nan(ind),-nan(ind),1,drawn_seg 
7,7,0,20,20,15.5279,11.0557,-nan(ind),-nan(ind),-nan(ind),-nan(ind),-nan(ind),-nan(ind),-nan(ind),0,post-pattern 
7,7,4,15.5279,11.0557,66.936,54.0864,-nan(ind),-nan(ind),13.2918,6.58359,62.9039,51.1295,-nan(ind),0,travel 
8,8,0,66.936,54.0864,75,60,-nan(ind),-nan(ind),-nan(ind),-nan(ind),-nan(ind),-nan(ind),-nan(ind),0,pre-pattern 
8,3,0,75,60,90,71,-nan(ind),-nan(ind),-nan(ind),-nan(ind),-nan(ind),-nan(ind),-nan(ind),1,drawn_seg 
9,9,0,90,71,98.064,76.9136,-nan(ind),-nan(ind),-nan(ind),-nan(ind),-nan(ind),-nan(ind),-nan(ind),0,post-pattern 
8,8,4,98.064,76.9136,92,85,-nan(ind),-nan(ind),102.096,79.8705,97,85,-nan(ind),0,travel 
9,9,0,92,85,82,85,-nan(ind),-nan(ind),-nan(ind),-nan(ind),-nan(ind),-nan(ind),-nan(ind),0,pre-pattern 
9,5,0,82,85,68,85,-nan(ind),-nan(ind),-nan(ind),-nan(ind),-nan(ind),-nan(ind),-nan(ind),1,drawn_seg 
10,10,0,68,85,58,85,-nan(ind),-nan(ind),-nan(ind),-nan(ind),-nan(ind),-nan(ind),-nan(ind),0,post-pattern 
9,9,4,58,85,51.936,76.9136,-nan(ind),-nan(ind),53,85,47.9039,79.8705,-nan(ind),0,travel 
10,10,0,51.936,76.9136,60,71,-nan(ind),-nan(ind),-nan(ind),-nan(ind),-nan(ind),-nan(ind),-nan(ind),0,pre-pattern 
10,7,0,60,71,75,60,-nan(ind),-nan(ind),-nan(ind),-nan(ind),-nan(ind),-nan(ind),-nan(ind),1,drawn_seg 
10,10,0,75,60,83.064,54.0864,-nan(ind),-nan(ind),-nan(ind),-nan(ind),-nan(ind),-nan(ind),-nan(ind),0,post-pattern 
10,10,4,83.064,54.0864,94.9614,62.3176,-nan(ind),-nan(ind),87.0961,51.1295,97.4421,57.9764,-nan(ind),0,travel 
11,11,0,94.9614,62.3176,90,71,-nan(ind),-nan(ind),-nan(ind),-nan(ind),-nan(ind),-nan(ind),-nan(ind),0,pre-pattern 
11,4,0,90,71,82,85,-nan(ind),-nan(ind),-nan(ind),-nan(ind),-nan(ind),-nan(ind),-nan(ind),1,drawn_seg 
11,11,0,82,85,77.0386,93.6824,-nan(ind),-nan(ind),-nan(ind),-nan(ind),-nan(ind),-nan(ind),-nan(ind),0,post-pattern 
11,11,4,77.0386,93.6824,72.9614,93.6824,-nan(ind),-nan(ind),74.5579,98.0236,75.4421,98.0236,-nan(ind),0,travel 
12,12,0,72.9614,93.6824,68,85,-nan(ind),-nan(ind),-nan(ind),-nan(ind),-nan(ind),-nan(ind),-nan(ind),0,pre-pattern 
12,6,0,68,85,60,71,-nan(ind),-nan(ind),-nan(ind),-nan(ind),-nan(ind),-nan(ind),-nan(ind),1,drawn_seg 
13,13,0,60,71,55.0386,62.3176,-nan(ind),-nan(ind),-nan(ind),-nan(ind),-nan(ind),-nan(ind),-nan(ind),0,post-pattern 
0,0,0,0,0,0,0,0,0,0,0,0,0,0,0,travel 
