new_order,old_order,line-type,p1_x,p1_y,p2_x,p2_y,rx,ry,bezier p3_x,bezier p3_y,bezier p4_x,bezier p4_y,filled,work,travle_type
0,0,0,0,10,10,10,-nan(ind),-nan(ind),-nan(ind),-nan(ind),-nan(ind),-nan(ind),-nan(ind),0,pre-pattern 
0,0,0,10,10,50,10,-nan(ind),-nan(ind),-nan(ind),-nan(ind),-nan(ind),-nan(ind),-nan(ind),1,drawn_seg 
0,0,0,50,10,60,10,-nan(ind),-nan(ind),-nan(ind),-nan(ind),-nan(ind),-nan(ind),-nan(ind),0,post-pattern 
0,0,4,60,10,54.4721,1.05573,-nan(ind),-nan(ind),65,10,56.7082,-3.41641,-nan(ind),0,travel 
1,1,0,54.4721,1.05573,50,10,-nan(ind),-nan(ind),-nan(ind),-nan(ind),-nan(ind),-nan(ind),-nan(ind),0,pre-pattern 
1,1,0,50,10,30,50,-nan(ind),-nan(ind),-nan(ind),-nan(ind),-nan(ind),-nan(ind),-nan(ind),1,drawn_seg 
2,2,0,30,50,25.5279,58.9443,-nan(ind),-nan(ind),-nan(ind),-nan(ind),-nan(ind),-nan(ind),-nan(ind),0,post-pattern 
1,1,4,25.5279,58.9443,35.5279,58.9443,-nan(ind),-nan(ind),23.2918,63.4164,33.2918,63.4164,-nan(ind),0,travel 
2,2,0,35.5279,58.9443,40,50,-nan(ind),-nan(ind),-nan(ind),-nan(ind),-nan(ind),-nan(ind),-nan(ind),0,pre-pattern 
2,6,0,40,50,60,10,-nan(ind),-nan(ind),-nan(ind),-nan(ind),-nan(ind),-nan(ind),-nan(ind),1,drawn_seg 
3,3,0,60,10,64.4721,1.05573,-nan(ind),-nan(ind),-nan(ind),-nan(ind),-nan(ind),-nan(ind),-nan(ind),0,post-pattern 
2,2,4,64.4721,1.05573,50,10,-nan(ind),-nan(ind),66.7082,-3.41641,45,10,-nan(ind),0,travel 
3,3,0,50,10,60,10,-nan(ind),-nan(ind),-nan(ind),-nan(ind),-nan(ind),-nan(ind),-nan(ind),0,pre-pattern 
3,3,0,60,10,110,10,-nan(ind),-nan(ind),-nan(ind),-nan(ind),-nan(ind),-nan(ind),-nan(ind),1,drawn_seg 
4,4,0,110,10,120,10,-nan(ind),-nan(ind),-nan(ind),-nan(ind),-nan(ind),-nan(ind),-nan(ind),0,post-pattern 
3,3,4,120,10,114.472,1.05573,-nan(ind),-nan(ind),125,10,116.708,-3.41641,-nan(ind),0,travel 
4,4,0,114.472,1.05573,110,10,-nan(ind),-nan(ind),-nan(ind),-nan(ind),-nan(ind),-nan(ind),-nan(ind),0,pre-pattern 
4,4,0,110,10,90,50,-nan(ind),-nan(ind),-nan(ind),-nan(ind),-nan(ind),-nan(ind),-nan(ind),1,drawn_seg 
5,5,0,90,50,85.5279,58.9443,-nan(ind),-nan(ind),-nan(ind),-nan(ind),-nan(ind),-nan(ind),-nan(ind),0,post-pattern 
4,4,4,85.5279,58.9443,73.7416,70.1436,-nan(ind),-nan(ind),83.2918,63.4164,78.1124,67.7154,-nan(ind),0,travel 
5,5,0,73.7416,70.1436,65,75,-nan(ind),-nan(ind),-nan(ind),-nan(ind),-nan(ind),-nan(ind),-nan(ind),0,pre-pattern 
5,15,0,65,75,20,100,-nan(ind),-nan(ind),-nan(ind),-nan(ind),-nan(ind),-nan(ind),-nan(ind),1,drawn_seg 
6,6,0,20,100,11.2584,104.856,-nan(ind),-nan(ind),-nan(ind),-nan(ind),-nan(ind),-nan(ind),-nan(ind),0,post-pattern 
5,5,4,11.2584,104.856,15.5279,108.944,-nan(ind),-nan(ind),6.88764,107.285,13.2918,113.416,-nan(ind),0,travel 
6,6,0,15.5279,108.944,20,100,-nan(ind),-nan(ind),-nan(ind),-nan(ind),-nan(ind),-nan(ind),-nan(ind),0,pre-pattern 
6,16,0,20,100,40,60,-nan(ind),-nan(ind),-nan(ind),-nan(ind),-nan(ind),-nan(ind),-nan(ind),1,drawn_seg 
7,7,0,40,60,44.4721,51.0557,-nan(ind),-nan(ind),-nan(ind),-nan(ind),-nan(ind),-nan(ind),-nan(ind),0,post-pattern 
6,6,4,44.4721,51.0557,35.5279,51.0557,-nan(ind),-nan(ind),46.7082,46.5836,33.2918,46.5836,-nan(ind),0,travel 
7,7,0,35.5279,51.0557,40,60,-nan(ind),-nan(ind),-nan(ind),-nan(ind),-nan(ind),-nan(ind),-nan(ind),0,pre-pattern 
7,12,0,40,60,60,100,-nan(ind),-nan(ind),-nan(ind),-nan(ind),-nan(ind),-nan(ind),-nan(ind),1,drawn_seg 
8,8,0,60,100,64.4721,108.944,-nan(ind),-nan(ind),-nan(ind),-nan(ind),-nan(ind),-nan(ind),-nan(ind),0,post-pattern 
7,7,4,64.4721,108.944,68.7416,104.856,-nan(ind),-nan(ind),66.7082,113.416,73.1124,107.285,-nan(ind),0,travel 
8,8,0,68.7416,104.856,60,100,-nan(ind),-nan(ind),-nan(ind),-nan(ind),-nan(ind),-nan(ind),-nan(ind),0,pre-pattern 
8,13,0,60,100,15,75,-nan(ind),-nan(ind),-nan(ind),-nan(ind),-nan(ind),-nan(ind),-nan(ind),1,drawn_seg 
9,9,0,15,75,6.25843,70.1436,-nan(ind),-nan(ind),-nan(ind),-nan(ind),-nan(ind),-nan(ind),-nan(ind),0,post-pattern 
8,8,4,6.25843,70.1436,5,75,-nan(ind),-nan(ind),1.88764,67.7154,-1.06581e-14,75,-nan(ind),0,travel 
9,9,0,5,75,15,75,-nan(ind),-nan(ind),-nan(ind),-nan(ind),-nan(ind),-nan(ind),-nan(ind),0,pre-pattern 
9,14,0,15,75,65,75,-nan(ind),-nan(ind),-nan(ind),-nan(ind),-nan(ind),-nan(ind),-nan(ind),1,drawn_seg 
10,10,0,65,75,75,75,-nan(ind),-nan(ind),-nan(ind),-nan(ind),-nan(ind),-nan(ind),-nan(ind),0,post-pattern 
9,9,4,75,75,72,81,-nan(ind),-nan(ind),80,75,68,84,-nan(ind),0,travel 
10,10,0,72,81,80,75,-nan(ind),-nan(ind),-nan(ind),-nan(ind),-nan(ind),-nan(ind),-nan(ind),0,pre-pattern 
10,11,0,80,75,100,60,-nan(ind),-nan(ind),-nan(ind),-nan(ind),-nan(ind),-nan(ind),-nan(ind),1,drawn_seg 
11,11,0,100,60,108,54,-nan(ind),-nan(ind),-nan(ind),-nan(ind),-nan(ind),-nan(ind),-nan(ind),0,post-pattern 
10,10,4,108,54,100,50,-nan(ind),-nan(ind),112,51,105,50,-nan(ind),0,travel 
11,11,0,100,50,90,50,-nan(ind),-nan(ind),-nan(ind),-nan(ind),-nan(ind),-nan(ind),-nan(ind),0,pre-pattern 
11,5,0,90,50,40,50,-nan(ind),-nan(ind),-nan(ind),-nan(ind),-nan(ind),-nan(ind),-nan(ind),1,drawn_seg 
11,11,0,40,50,30,50,-nan(ind),-nan(ind),-nan(ind),-nan(ind),-nan(ind),-nan(ind),-nan(ind),0,post-pattern 
11,11,4,30,50,34.4721,58.9443,-nan(ind),-nan(ind),25,50,36.7082,63.4164,-nan(ind),0,travel 
12,12,0,34.4721,58.9443,30,50,-nan(ind),-nan(ind),-nan(ind),-nan(ind),-nan(ind),-nan(ind),-nan(ind),0,pre-pattern 
12,2,0,30,50,10,10,-nan(ind),-nan(ind),-nan(ind),-nan(ind),-nan(ind),-nan(ind),-nan(ind),1,drawn_seg 
12,12,0,10,10,5.52786,1.05573,-nan(ind),-nan(ind),-nan(ind),-nan(ind),-nan(ind),-nan(ind),-nan(ind),0,post-pattern 
12,12,4,5.52786,1.05573,92,54,-nan(ind),-nan(ind),3.2918,-3.41641,88,51,-nan(ind),0,travel 
13,13,0,92,54,100,60,-nan(ind),-nan(ind),-nan(ind),-nan(ind),-nan(ind),-nan(ind),-nan(ind),0,pre-pattern 
13,7,0,100,60,120,75,-nan(ind),-nan(ind),-nan(ind),-nan(ind),-nan(ind),-nan(ind),-nan(ind),1,drawn_seg 
14,14,0,120,75,128,81,-nan(ind),-nan(ind),-nan(ind),-nan(ind),-nan(ind),-nan(ind),-nan(ind),0,post-pattern 
13,13,4,128,81,120,98,-nan(ind),-nan(ind),132,84,125,98,-nan(ind),0,travel 
14,14,0,120,98,110,98,-nan(ind),-nan(ind),-nan(ind),-nan(ind),-nan(ind),-nan(ind),-nan(ind),0,pre-pattern 
14,9,0,110,98,90,98,-nan(ind),-nan(ind),-nan(ind),-nan(ind),-nan(ind),-nan(ind),-nan(ind),1,drawn_seg 
15,15,0,90,98,80,98,-nan(ind),-nan(ind),-nan(ind),-nan(ind),-nan(ind),-nan(ind),-nan(ind),0,post-pattern 
14,14,4,80,98,93.9873,107.171,-nan(ind),-nan(ind),75,98,95.9809,111.756,-nan(ind),0,travel 
15,15,0,93.9873,107.171,90,98,-nan(ind),-nan(ind),-nan(ind),-nan(ind),-nan(ind),-nan(ind),-nan(ind),0,pre-pattern 
15,10,0,90,98,80,75,-nan(ind),-nan(ind),-nan(ind),-nan(ind),-nan(ind),-nan(ind),-nan(ind),1,drawn_seg 
15,15,0,80,75,76.0127,65.8293,-nan(ind),-nan(ind),-nan(ind),-nan(ind),-nan(ind),-nan(ind),-nan(ind),0,post-pattern 
15,15,4,76.0127,65.8293,123.987,65.8293,-nan(ind),-nan(ind),74.0191,61.2439,125.981,61.2439,-nan(ind),0,travel 
16,16,0,123.987,65.8293,120,75,-nan(ind),-nan(ind),-nan(ind),-nan(ind),-nan(ind),-nan(ind),-nan(ind),0,pre-pattern 
16,8,0,120,75,110,98,-nan(ind),-nan(ind),-nan(ind),-nan(ind),-nan(ind),-nan(ind),-nan(ind),1,drawn_seg 
17,17,0,110,98,106.013,107.171,-nan(ind),-nan(ind),-nan(ind),-nan(ind),-nan(ind),-nan(ind),-nan(ind),0,post-pattern 
0,0,0,0,0,0,0,0,0,0,0,0,0,0,0,travel 
