new_order,old_order,line-type,p1_x,p1_y,p2_x,p2_y,rx,ry,bezier p3_x,bezier p3_y,bezier p4_x,bezier p4_y,filled,work,travle_type
0,0,0,88,100,100,100,#NAME?,#NAME?,#NAME?,#NAME?,#NAME?,#NAME?,#NAME?,0,pre-pattern 
0,0,0,100,100,1300,100,#NAME?,#NAME?,#NAME?,#NAME?,#NAME?,#NAME?,#NAME?,1,drawn_seg 
1,1,0,1300,100,1312,100,#NAME?,#NAME?,#NAME?,#NAME?,#NAME?,#NAME?,#NAME?,0,post-pattern 
0,0,4,1312,100,88,900,#NAME?,#NAME?,#NAME?,#NAME?,#NAME?,#NAME?,#NAME?,0,travel 
1,1,0,88,900,100,900,#NAME?,#NAME?,#NAME?,#NAME?,#NAME?,#NAME?,#NAME?,0,pre-pattern 
1,19,0,100,900,200,1000,#NAME?,#NAME?,160,900,200,940,#NAME?,1,drawn_seg 
2,2,0,1300,100,1312,100,#NAME?,#NAME?,#NAME?,#NAME?,#NAME?,#NAME?,#NAME?,0,post-pattern 
1,1,4,1312,100,58,586.5,#NAME?,#NAME?,1317,100,53,586.5,#NAME?,0,travel 
2,2,0,58,586.5,70,586.5,#NAME?,#NAME?,#NAME?,#NAME?,#NAME?,#NAME?,#NAME?,0,pre-pattern 
2,18,0,1300,900,1200,1000,#NAME?,#NAME?,1240,900,1200,940,#NAME?,1,drawn_seg 
3,3,0,1300,100,1312,100,#NAME?,#NAME?,#NAME?,#NAME?,#NAME?,#NAME?,#NAME?,0,post-pattern 
2,2,4,1312,100,58,586.5,#NAME?,#NAME?,1317,100,53,586.5,#NAME?,0,travel 
3,3,0,58,586.5,70,586.5,#NAME?,#NAME?,#NAME?,#NAME?,#NAME?,#NAME?,#NAME?,0,pre-pattern 
3,17,0,1200,100,1300,200,#NAME?,#NAME?,1200,160,1240,200,#NAME?,1,drawn_seg 
4,4,0,1300,100,1312,100,#NAME?,#NAME?,#NAME?,#NAME?,#NAME?,#NAME?,#NAME?,0,post-pattern 
3,3,4,1312,100,58,586.5,#NAME?,#NAME?,1317,100,53,586.5,#NAME?,0,travel 
4,4,0,58,586.5,70,586.5,#NAME?,#NAME?,#NAME?,#NAME?,#NAME?,#NAME?,#NAME?,0,pre-pattern 
4,16,0,100,200,200,100,#NAME?,#NAME?,160,200,200,160,#NAME?,1,drawn_seg 
4,4,0,1300,100,1312,100,#NAME?,#NAME?,#NAME?,#NAME?,#NAME?,#NAME?,#NAME?,0,post-pattern 
4,4,4,1312,100,58,586.5,#NAME?,#NAME?,1317,100,53,586.5,#NAME?,0,travel 
5,5,0,58,586.5,70,586.5,#NAME?,#NAME?,#NAME?,#NAME?,#NAME?,#NAME?,#NAME?,0,pre-pattern 
5,1,0,1300,100,1300,1000,#NAME?,#NAME?,#NAME?,#NAME?,#NAME?,#NAME?,#NAME?,1,drawn_seg 
6,6,0,1300,1000,1300,1012,#NAME?,#NAME?,#NAME?,#NAME?,#NAME?,#NAME?,#NAME?,0,post-pattern 
5,5,4,1300,1012,701,538,#NAME?,#NAME?,#NAME?,#NAME?,#NAME?,#NAME?,#NAME?,0,travel 
5,5,0,701,538,701,550,#NAME?,#NAME?,#NAME?,#NAME?,#NAME?,#NAME?,#NAME?,0,pre-pattern 
6,13,1,700,550,701,550,0.75,0.75,#NAME?,#NAME?,#NAME?,#NAME?,1,1,drawn_seg 
6,6,0,701,550,701,562,#NAME?,#NAME?,#NAME?,#NAME?,#NAME?,#NAME?,#NAME?,0,post-pattern 
6,6,4,701,562,1312,1000,#NAME?,#NAME?,#NAME?,#NAME?,#NAME?,#NAME?,#NAME?,0,travel 
7,7,0,1312,1000,1300,1000,#NAME?,#NAME?,#NAME?,#NAME?,#NAME?,#NAME?,#NAME?,0,pre-pattern 
7,2,0,1300,1000,100,1000,#NAME?,#NAME?,#NAME?,#NAME?,#NAME?,#NAME?,#NAME?,1,drawn_seg 
8,8,0,100,1000,88,1000,#NAME?,#NAME?,#NAME?,#NAME?,#NAME?,#NAME?,#NAME?,0,post-pattern 
7,7,4,88,1000,739,633.027,#NAME?,#NAME?,83,1000,734.636,635.468,#NAME?,0,travel 
8,8,0,739,633.027,749.473,627.169,#NAME?,#NAME?,#NAME?,#NAME?,#NAME?,#NAME?,#NAME?,0,pre-pattern 
8,12,1,700,550,749.473,627.169,91.5,91.5,#NAME?,#NAME?,#NAME?,#NAME?,0,1,drawn_seg 
9,9,0,749.473,627.169,759.945,621.31,#NAME?,#NAME?,#NAME?,#NAME?,#NAME?,#NAME?,#NAME?,0,post-pattern 
8,8,4,759.945,621.31,1179,550,#NAME?,#NAME?,#NAME?,#NAME?,#NAME?,#NAME?,#NAME?,0,travel 
8,8,0,1179,550,1191,550,#NAME?,#NAME?,#NAME?,#NAME?,#NAME?,#NAME?,#NAME?,0,pre-pattern 
9,15,1,1190,550,1191,550,0.75,0.75,#NAME?,#NAME?,#NAME?,#NAME?,1,1,drawn_seg 
9,9,0,1191,550,1203,550,#NAME?,#NAME?,#NAME?,#NAME?,#NAME?,#NAME?,#NAME?,0,post-pattern 
9,9,4,1203,550,100,1012,#NAME?,#NAME?,#NAME?,#NAME?,#NAME?,#NAME?,#NAME?,0,travel 
10,10,0,100,1012,100,1000,#NAME?,#NAME?,#NAME?,#NAME?,#NAME?,#NAME?,#NAME?,0,pre-pattern 
10,3,0,100,1000,100,100,#NAME?,#NAME?,#NAME?,#NAME?,#NAME?,#NAME?,#NAME?,1,drawn_seg 
11,11,0,100,100,100,88,#NAME?,#NAME?,#NAME?,#NAME?,#NAME?,#NAME?,#NAME?,0,post-pattern 
10,10,4,100,88,211,538,#NAME?,#NAME?,#NAME?,#NAME?,#NAME?,#NAME?,#NAME?,0,travel 
10,10,0,211,538,211,550,#NAME?,#NAME?,#NAME?,#NAME?,#NAME?,#NAME?,#NAME?,0,pre-pattern 
11,14,1,210,550,211,550,0.75,0.75,#NAME?,#NAME?,#NAME?,#NAME?,1,1,drawn_seg 
11,11,0,211,550,211,562,#NAME?,#NAME?,#NAME?,#NAME?,#NAME?,#NAME?,#NAME?,0,post-pattern 
11,11,4,211,562,88,348.5,#NAME?,#NAME?,#NAME?,#NAME?,#NAME?,#NAME?,#NAME?,0,travel 
12,12,0,88,348.5,100,348.5,#NAME?,#NAME?,#NAME?,#NAME?,#NAME?,#NAME?,#NAME?,0,pre-pattern 
12,4,0,100,348.5,265,348.5,#NAME?,#NAME?,#NAME?,#NAME?,#NAME?,#NAME?,#NAME?,1,drawn_seg 
12,12,0,265,348.5,277,348.5,#NAME?,#NAME?,#NAME?,#NAME?,#NAME?,#NAME?,#NAME?,0,post-pattern 
12,12,4,277,348.5,265,336.5,#NAME?,#NAME?,282,348.5,265,331.5,#NAME?,0,travel 
13,13,0,265,336.5,265,348.5,#NAME?,#NAME?,#NAME?,#NAME?,#NAME?,#NAME?,#NAME?,0,pre-pattern 
13,5,0,265,348.5,265,751.5,#NAME?,#NAME?,#NAME?,#NAME?,#NAME?,#NAME?,#NAME?,1,drawn_seg 
13,13,0,265,751.5,265,763.5,#NAME?,#NAME?,#NAME?,#NAME?,#NAME?,#NAME?,#NAME?,0,post-pattern 
13,13,4,265,763.5,277,751.5,#NAME?,#NAME?,265,768.5,282,751.5,#NAME?,0,travel 
14,14,0,277,751.5,265,751.5,#NAME?,#NAME?,#NAME?,#NAME?,#NAME?,#NAME?,#NAME?,0,pre-pattern 
14,6,0,265,751.5,100,751.5,#NAME?,#NAME?,#NAME?,#NAME?,#NAME?,#NAME?,#NAME?,1,drawn_seg 
14,14,0,100,751.5,88,751.5,#NAME?,#NAME?,#NAME?,#NAME?,#NAME?,#NAME?,#NAME?,0,post-pattern 
14,14,4,88,751.5,100,763.5,#NAME?,#NAME?,83,751.5,100,768.5,#NAME?,0,travel 
15,15,0,100,763.5,100,751.5,#NAME?,#NAME?,#NAME?,#NAME?,#NAME?,#NAME?,#NAME?,0,pre-pattern 
15,7,0,100,751.5,100,348.5,#NAME?,#NAME?,#NAME?,#NAME?,#NAME?,#NAME?,#NAME?,1,drawn_seg 
16,16,0,100,348.5,100,336.5,#NAME?,#NAME?,#NAME?,#NAME?,#NAME?,#NAME?,#NAME?,0,post-pattern 
15,15,4,100,336.5,70,501.5,#NAME?,#NAME?,100,331.5,70,496.5,#NAME?,0,travel 
16,16,0,70,501.5,70,513.5,#NAME?,#NAME?,#NAME?,#NAME?,#NAME?,#NAME?,#NAME?,0,pre-pattern 
16,21,0,70,513.5,70,586.5,#NAME?,#NAME?,#NAME?,#NAME?,#NAME?,#NAME?,#NAME?,1,drawn_seg 
17,17,0,70,586.5,70,598.5,#NAME?,#NAME?,#NAME?,#NAME?,#NAME?,#NAME?,#NAME?,0,post-pattern 
16,16,4,70,598.5,58,586.5,#NAME?,#NAME?,70,603.5,53,586.5,#NAME?,0,travel 
17,17,0,58,586.5,70,586.5,#NAME?,#NAME?,#NAME?,#NAME?,#NAME?,#NAME?,#NAME?,0,pre-pattern 
17,22,0,70,586.5,100,586.5,#NAME?,#NAME?,#NAME?,#NAME?,#NAME?,#NAME?,#NAME?,1,drawn_seg 
18,18,0,100,586.5,112,586.5,#NAME?,#NAME?,#NAME?,#NAME?,#NAME?,#NAME?,#NAME?,0,post-pattern 
17,17,4,112,586.5,112,513.5,#NAME?,#NAME?,117,586.5,117,513.5,#NAME?,0,travel 
18,18,0,112,513.5,100,513.5,#NAME?,#NAME?,#NAME?,#NAME?,#NAME?,#NAME?,#NAME?,0,pre-pattern 
18,20,0,100,513.5,70,513.5,#NAME?,#NAME?,#NAME?,#NAME?,#NAME?,#NAME?,#NAME?,1,drawn_seg 
19,19,0,70,513.5,58,513.5,#NAME?,#NAME?,#NAME?,#NAME?,#NAME?,#NAME?,#NAME?,0,post-pattern 
18,18,4,58,513.5,700,88,#NAME?,#NAME?,53,513.5,700,83,#NAME?,0,travel 
19,19,0,700,88,700,100,#NAME?,#NAME?,#NAME?,#NAME?,#NAME?,#NAME?,#NAME?,0,pre-pattern 
19,11,0,700,100,700,1000,#NAME?,#NAME?,#NAME?,#NAME?,#NAME?,#NAME?,#NAME?,1,drawn_seg 
20,20,0,700,1000,700,1012,#NAME?,#NAME?,#NAME?,#NAME?,#NAME?,#NAME?,#NAME?,0,post-pattern 
19,19,4,700,1012,1233,641.5,#NAME?,#NAME?,700,1017,1228,641.5,#NAME?,0,travel 
20,20,0,1233,641.5,1245,641.5,#NAME?,#NAME?,#NAME?,#NAME?,#NAME?,#NAME?,#NAME?,0,pre-pattern 
20,10,0,1245,641.5,1300,641.5,#NAME?,#NAME?,#NAME?,#NAME?,#NAME?,#NAME?,#NAME?,1,drawn_seg 
20,20,0,1300,641.5,1312,641.5,#NAME?,#NAME?,#NAME?,#NAME?,#NAME?,#NAME?,#NAME?,0,post-pattern 
20,20,4,1312,641.5,1312,458.5,#NAME?,#NAME?,1317,641.5,1317,458.5,#NAME?,0,travel 
21,21,0,1312,458.5,1300,458.5,#NAME?,#NAME?,#NAME?,#NAME?,#NAME?,#NAME?,#NAME?,0,pre-pattern 
21,8,0,1300,458.5,1245.5,458.5,#NAME?,#NAME?,#NAME?,#NAME?,#NAME?,#NAME?,#NAME?,1,drawn_seg 
21,21,0,1245.5,458.5,1233.5,458.5,#NAME?,#NAME?,#NAME?,#NAME?,#NAME?,#NAME?,#NAME?,0,post-pattern 
21,21,4,1233.5,458.5,1245.53,446.5,#NAME?,#NAME?,1228.5,458.5,1245.55,441.5,#NAME?,0,travel 
22,22,0,1245.53,446.5,1245.5,458.5,#NAME?,#NAME?,#NAME?,#NAME?,#NAME?,#NAME?,#NAME?,0,pre-pattern 
22,9,0,1245.5,458.5,1245,641.5,#NAME?,#NAME?,#NAME?,#NAME?,#NAME?,#NAME?,#NAME?,1,drawn_seg 
23,23,0,1245,641.5,1244.97,653.5,#NAME?,#NAME?,#NAME?,#NAME?,#NAME?,#NAME?,#NAME?,0,post-pattern 
