new_order,old_order,line-type,p1_x,p1_y,p2_x,p2_y,rx,ry,bezier p3_x,bezier p3_y,bezier p4_x,bezier p4_y,filled,work,travle_type
0,0,0,85,100,100,100,-nan(ind),-nan(ind),-nan(ind),-nan(ind),-nan(ind),-nan(ind),-nan(ind),0,pre-pattern 
0,0,0,100,100,1300,100,-nan(ind),-nan(ind),-nan(ind),-nan(ind),-nan(ind),-nan(ind),-nan(ind),1,drawn_seg 
1,1,0,1300,100,1315,100,-nan(ind),-nan(ind),-nan(ind),-nan(ind),-nan(ind),-nan(ind),-nan(ind),0,post-pattern 
0,0,4,1315,100,223.595,543.618,-nan(ind),-nan(ind),1335,100,242.101,536.033,-nan(ind),0,travel 
1,1,0,223.595,543.618,209.715,549.306,-nan(ind),-nan(ind),-nan(ind),-nan(ind),-nan(ind),-nan(ind),-nan(ind),0,pre-pattern 
1,23,1,210,550,209.715,549.306,0.75,0.75,-nan(ind),-nan(ind),-nan(ind),-nan(ind),1,1,drawn_seg 
2,2,0,209.715,549.306,195.836,554.995,-nan(ind),-nan(ind),-nan(ind),-nan(ind),-nan(ind),-nan(ind),-nan(ind),0,post-pattern 
1,1,4,195.836,554.995,685.002,550.775,-nan(ind),-nan(ind),177.33,562.579,665.002,550.809,-nan(ind),0,travel 
2,2,0,685.002,550.775,700.002,550.75,-nan(ind),-nan(ind),-nan(ind),-nan(ind),-nan(ind),-nan(ind),-nan(ind),0,pre-pattern 
2,22,1,700,550,700.002,550.75,0.75,0.75,-nan(ind),-nan(ind),-nan(ind),-nan(ind),1,1,drawn_seg 
3,3,0,700.002,550.75,715.002,550.725,-nan(ind),-nan(ind),-nan(ind),-nan(ind),-nan(ind),-nan(ind),-nan(ind),0,post-pattern 
2,2,4,715.002,550.725,1175,550.75,-nan(ind),-nan(ind),735.002,550.691,1155,550.749,-nan(ind),0,travel 
3,3,0,1175,550.75,1190,550.75,-nan(ind),-nan(ind),-nan(ind),-nan(ind),-nan(ind),-nan(ind),-nan(ind),0,pre-pattern 
3,24,1,1190,550,1190,550.75,0.75,0.75,-nan(ind),-nan(ind),-nan(ind),-nan(ind),1,1,drawn_seg 
4,4,0,1190,550.75,1205,550.75,-nan(ind),-nan(ind),-nan(ind),-nan(ind),-nan(ind),-nan(ind),-nan(ind),0,post-pattern 
3,3,4,1205,550.75,723.39,461.302,-nan(ind),-nan(ind),1225,550.751,743.041,465.022,-nan(ind),0,travel 
4,4,0,723.39,461.302,708.651,458.513,-nan(ind),-nan(ind),-nan(ind),-nan(ind),-nan(ind),-nan(ind),-nan(ind),0,pre-pattern 
4,21,1,700,550,708.651,458.513,91.5,91.5,-nan(ind),-nan(ind),-nan(ind),-nan(ind),0,1,drawn_seg 
5,5,0,708.651,458.513,707.669,458.327,-nan(ind),-nan(ind),-nan(ind),-nan(ind),-nan(ind),-nan(ind),-nan(ind),0,post-pattern 
4,4,4,707.669,458.327,700,85,-nan(ind),-nan(ind),674.262,452.004,700,-425,-nan(ind),0,travel 
5,5,0,700,85,700,100,-nan(ind),-nan(ind),-nan(ind),-nan(ind),-nan(ind),-nan(ind),-nan(ind),0,pre-pattern 
5,20,0,700,100,700,1000,-nan(ind),-nan(ind),-nan(ind),-nan(ind),-nan(ind),-nan(ind),-nan(ind),1,drawn_seg 
6,6,0,700,1000,700,1001,-nan(ind),-nan(ind),-nan(ind),-nan(ind),-nan(ind),-nan(ind),-nan(ind),0,post-pattern 
5,5,4,700,1001,280,751.5,-nan(ind),-nan(ind),700,1035,790,751.5,-nan(ind),0,travel 
6,6,0,280,751.5,265,751.5,-nan(ind),-nan(ind),-nan(ind),-nan(ind),-nan(ind),-nan(ind),-nan(ind),0,pre-pattern 
6,6,0,265,751.5,100,751.5,-nan(ind),-nan(ind),-nan(ind),-nan(ind),-nan(ind),-nan(ind),-nan(ind),1,drawn_seg 
7,7,0,100,751.5,99,751.5,-nan(ind),-nan(ind),-nan(ind),-nan(ind),-nan(ind),-nan(ind),-nan(ind),0,post-pattern 
6,6,4,99,751.5,100,766.5,-nan(ind),-nan(ind),65,751.5,100,1276.5,-nan(ind),0,travel 
7,7,0,100,766.5,100,751.5,-nan(ind),-nan(ind),-nan(ind),-nan(ind),-nan(ind),-nan(ind),-nan(ind),0,pre-pattern 
7,7,0,100,751.5,100,348.5,-nan(ind),-nan(ind),-nan(ind),-nan(ind),-nan(ind),-nan(ind),-nan(ind),1,drawn_seg 
8,8,0,100,348.5,100,347.5,-nan(ind),-nan(ind),-nan(ind),-nan(ind),-nan(ind),-nan(ind),-nan(ind),0,post-pattern 
7,7,4,100,347.5,85,348.5,-nan(ind),-nan(ind),100,313.5,-425,348.5,-nan(ind),0,travel 
8,8,0,85,348.5,100,348.5,-nan(ind),-nan(ind),-nan(ind),-nan(ind),-nan(ind),-nan(ind),-nan(ind),0,pre-pattern 
8,4,0,100,348.5,265,348.5,-nan(ind),-nan(ind),-nan(ind),-nan(ind),-nan(ind),-nan(ind),-nan(ind),1,drawn_seg 
9,9,0,265,348.5,266,348.5,-nan(ind),-nan(ind),-nan(ind),-nan(ind),-nan(ind),-nan(ind),-nan(ind),0,post-pattern 
8,8,4,266,348.5,265,333.5,-nan(ind),-nan(ind),300,348.5,265,-176.5,-nan(ind),0,travel 
9,9,0,265,333.5,265,348.5,-nan(ind),-nan(ind),-nan(ind),-nan(ind),-nan(ind),-nan(ind),-nan(ind),0,pre-pattern 
9,5,0,265,348.5,265,751.5,-nan(ind),-nan(ind),-nan(ind),-nan(ind),-nan(ind),-nan(ind),-nan(ind),1,drawn_seg 
10,10,0,265,751.5,265,752.5,-nan(ind),-nan(ind),-nan(ind),-nan(ind),-nan(ind),-nan(ind),-nan(ind),0,post-pattern 
9,9,4,265,752.5,170,641.5,-nan(ind),-nan(ind),265,786.5,680,641.5,-nan(ind),0,travel 
10,10,0,170,641.5,155,641.5,-nan(ind),-nan(ind),-nan(ind),-nan(ind),-nan(ind),-nan(ind),-nan(ind),0,pre-pattern 
10,14,0,155,641.5,100,641.5,-nan(ind),-nan(ind),-nan(ind),-nan(ind),-nan(ind),-nan(ind),-nan(ind),1,drawn_seg 
11,11,0,100,641.5,99,641.5,-nan(ind),-nan(ind),-nan(ind),-nan(ind),-nan(ind),-nan(ind),-nan(ind),0,post-pattern 
10,10,4,99,641.5,100,656.5,-nan(ind),-nan(ind),65,641.5,100,1166.5,-nan(ind),0,travel 
11,11,0,100,656.5,100,641.5,-nan(ind),-nan(ind),-nan(ind),-nan(ind),-nan(ind),-nan(ind),-nan(ind),0,pre-pattern 
11,15,0,100,641.5,100,458.5,-nan(ind),-nan(ind),-nan(ind),-nan(ind),-nan(ind),-nan(ind),-nan(ind),1,drawn_seg 
12,12,0,100,458.5,100,457.5,-nan(ind),-nan(ind),-nan(ind),-nan(ind),-nan(ind),-nan(ind),-nan(ind),0,post-pattern 
11,11,4,100,457.5,85,458.5,-nan(ind),-nan(ind),100,423.5,-425,458.5,-nan(ind),0,travel 
12,12,0,85,458.5,100,458.5,-nan(ind),-nan(ind),-nan(ind),-nan(ind),-nan(ind),-nan(ind),-nan(ind),0,pre-pattern 
12,12,0,100,458.5,155,458.5,-nan(ind),-nan(ind),-nan(ind),-nan(ind),-nan(ind),-nan(ind),-nan(ind),1,drawn_seg 
13,13,0,155,458.5,156,458.5,-nan(ind),-nan(ind),-nan(ind),-nan(ind),-nan(ind),-nan(ind),-nan(ind),0,post-pattern 
12,12,4,156,458.5,155,443.5,-nan(ind),-nan(ind),190,458.5,155,-66.5,-nan(ind),0,travel 
13,13,0,155,443.5,155,458.5,-nan(ind),-nan(ind),-nan(ind),-nan(ind),-nan(ind),-nan(ind),-nan(ind),0,pre-pattern 
13,13,0,155,458.5,155,641.5,-nan(ind),-nan(ind),-nan(ind),-nan(ind),-nan(ind),-nan(ind),-nan(ind),1,drawn_seg 
14,14,0,155,641.5,155,642.5,-nan(ind),-nan(ind),-nan(ind),-nan(ind),-nan(ind),-nan(ind),-nan(ind),0,post-pattern 
13,13,4,155,642.5,100,1015,-nan(ind),-nan(ind),155,676.5,100,1525,-nan(ind),0,travel 
14,14,0,100,1015,100,1000,-nan(ind),-nan(ind),-nan(ind),-nan(ind),-nan(ind),-nan(ind),-nan(ind),0,pre-pattern 
14,3,0,100,1000,100,100,-nan(ind),-nan(ind),-nan(ind),-nan(ind),-nan(ind),-nan(ind),-nan(ind),1,drawn_seg 
15,15,0,100,100,100,99,-nan(ind),-nan(ind),-nan(ind),-nan(ind),-nan(ind),-nan(ind),-nan(ind),0,post-pattern 
14,14,4,100,99,1120,348.5,-nan(ind),-nan(ind),100,65,610,348.5,-nan(ind),0,travel 
15,15,0,1120,348.5,1135,348.5,-nan(ind),-nan(ind),-nan(ind),-nan(ind),-nan(ind),-nan(ind),-nan(ind),0,pre-pattern 
15,8,0,1135,348.5,1300,348.5,-nan(ind),-nan(ind),-nan(ind),-nan(ind),-nan(ind),-nan(ind),-nan(ind),1,drawn_seg 
16,16,0,1300,348.5,1301,348.5,-nan(ind),-nan(ind),-nan(ind),-nan(ind),-nan(ind),-nan(ind),-nan(ind),0,post-pattern 
15,15,4,1301,348.5,1300,333.5,-nan(ind),-nan(ind),1335,348.5,1300,-176.5,-nan(ind),0,travel 
16,16,0,1300,333.5,1300,348.5,-nan(ind),-nan(ind),-nan(ind),-nan(ind),-nan(ind),-nan(ind),-nan(ind),0,pre-pattern 
16,9,0,1300,348.5,1300,751.5,-nan(ind),-nan(ind),-nan(ind),-nan(ind),-nan(ind),-nan(ind),-nan(ind),1,drawn_seg 
17,17,0,1300,751.5,1300,752.5,-nan(ind),-nan(ind),-nan(ind),-nan(ind),-nan(ind),-nan(ind),-nan(ind),0,post-pattern 
16,16,4,1300,752.5,1315,751.5,-nan(ind),-nan(ind),1300,786.5,1825,751.5,-nan(ind),0,travel 
17,17,0,1315,751.5,1300,751.5,-nan(ind),-nan(ind),-nan(ind),-nan(ind),-nan(ind),-nan(ind),-nan(ind),0,pre-pattern 
17,10,0,1300,751.5,1135,751.5,-nan(ind),-nan(ind),-nan(ind),-nan(ind),-nan(ind),-nan(ind),-nan(ind),1,drawn_seg 
18,18,0,1135,751.5,1134,751.5,-nan(ind),-nan(ind),-nan(ind),-nan(ind),-nan(ind),-nan(ind),-nan(ind),0,post-pattern 
17,17,4,1134,751.5,1135,766.5,-nan(ind),-nan(ind),1100,751.5,1135,1276.5,-nan(ind),0,travel 
18,18,0,1135,766.5,1135,751.5,-nan(ind),-nan(ind),-nan(ind),-nan(ind),-nan(ind),-nan(ind),-nan(ind),0,pre-pattern 
18,11,0,1135,751.5,1135,348.5,-nan(ind),-nan(ind),-nan(ind),-nan(ind),-nan(ind),-nan(ind),-nan(ind),1,drawn_seg 
19,19,0,1135,348.5,1135,347.5,-nan(ind),-nan(ind),-nan(ind),-nan(ind),-nan(ind),-nan(ind),-nan(ind),0,post-pattern 
18,18,4,1135,347.5,1230,458.5,-nan(ind),-nan(ind),1135,313.5,720,458.5,-nan(ind),0,travel 
19,19,0,1230,458.5,1245,458.5,-nan(ind),-nan(ind),-nan(ind),-nan(ind),-nan(ind),-nan(ind),-nan(ind),0,pre-pattern 
19,16,0,1245,458.5,1300,458.5,-nan(ind),-nan(ind),-nan(ind),-nan(ind),-nan(ind),-nan(ind),-nan(ind),1,drawn_seg 
20,20,0,1300,458.5,1301,458.5,-nan(ind),-nan(ind),-nan(ind),-nan(ind),-nan(ind),-nan(ind),-nan(ind),0,post-pattern 
19,19,4,1301,458.5,1300,443.5,-nan(ind),-nan(ind),1335,458.5,1300,-66.5,-nan(ind),0,travel 
20,20,0,1300,443.5,1300,458.5,-nan(ind),-nan(ind),-nan(ind),-nan(ind),-nan(ind),-nan(ind),-nan(ind),0,pre-pattern 
20,17,0,1300,458.5,1300,641.5,-nan(ind),-nan(ind),-nan(ind),-nan(ind),-nan(ind),-nan(ind),-nan(ind),1,drawn_seg 
21,21,0,1300,641.5,1300,642.5,-nan(ind),-nan(ind),-nan(ind),-nan(ind),-nan(ind),-nan(ind),-nan(ind),0,post-pattern 
20,20,4,1300,642.5,1315,641.5,-nan(ind),-nan(ind),1300,676.5,1825,641.5,-nan(ind),0,travel 
21,21,0,1315,641.5,1300,641.5,-nan(ind),-nan(ind),-nan(ind),-nan(ind),-nan(ind),-nan(ind),-nan(ind),0,pre-pattern 
21,18,0,1300,641.5,1245,641.5,-nan(ind),-nan(ind),-nan(ind),-nan(ind),-nan(ind),-nan(ind),-nan(ind),1,drawn_seg 
22,22,0,1245,641.5,1244,641.5,-nan(ind),-nan(ind),-nan(ind),-nan(ind),-nan(ind),-nan(ind),-nan(ind),0,post-pattern 
21,21,4,1244,641.5,1245,656.5,-nan(ind),-nan(ind),1210,641.5,1245,1166.5,-nan(ind),0,travel 
22,22,0,1245,656.5,1245,641.5,-nan(ind),-nan(ind),-nan(ind),-nan(ind),-nan(ind),-nan(ind),-nan(ind),0,pre-pattern 
22,19,0,1245,641.5,1245,458.5,-nan(ind),-nan(ind),-nan(ind),-nan(ind),-nan(ind),-nan(ind),-nan(ind),1,drawn_seg 
22,22,0,1245,458.5,1245,457.5,-nan(ind),-nan(ind),-nan(ind),-nan(ind),-nan(ind),-nan(ind),-nan(ind),0,post-pattern 
22,22,4,1245,457.5,1300,85,-nan(ind),-nan(ind),1245,423.5,1300,-425,-nan(ind),0,travel 
23,23,0,1300,85,1300,100,-nan(ind),-nan(ind),-nan(ind),-nan(ind),-nan(ind),-nan(ind),-nan(ind),0,pre-pattern 
23,1,0,1300,100,1300,1000,-nan(ind),-nan(ind),-nan(ind),-nan(ind),-nan(ind),-nan(ind),-nan(ind),1,drawn_seg 
23,23,0,1300,1000,1300,1001,-nan(ind),-nan(ind),-nan(ind),-nan(ind),-nan(ind),-nan(ind),-nan(ind),0,post-pattern 
23,23,4,1300,1001,1315,1000,-nan(ind),-nan(ind),1300,1035,1825,1000,-nan(ind),0,travel 
24,24,0,1315,1000,1300,1000,-nan(ind),-nan(ind),-nan(ind),-nan(ind),-nan(ind),-nan(ind),-nan(ind),0,pre-pattern 
24,2,0,1300,1000,100,1000,-nan(ind),-nan(ind),-nan(ind),-nan(ind),-nan(ind),-nan(ind),-nan(ind),1,drawn_seg 
25,25,0,100,1000,99,1000,-nan(ind),-nan(ind),-nan(ind),-nan(ind),-nan(ind),-nan(ind),-nan(ind),0,post-pattern 
25,25,4,99,1000,85,100,-nan(ind),-nan(ind),75,1000,-275,100,-nan(ind),0,travel 
