new_order,old_order,line-type,p1_x,p1_y,p2_x,p2_y,rx,ry,bezier p3_x,bezier p3_y,bezier p4_x,bezier p4_y,filled,work,travle_type
0,0,0,-2,3,10,3,#NAME?,#NAME?,#NAME?,#NAME?,#NAME?,#NAME?,#NAME?,0,pre-pattern 
0,0,0,10,3,30,3,#NAME?,#NAME?,#NAME?,#NAME?,#NAME?,#NAME?,#NAME?,1,drawn_seg 
0,0,0,30,3,31,3,#NAME?,#NAME?,#NAME?,#NAME?,#NAME?,#NAME?,#NAME?,0,post-pattern 
0,0,4,31,3,88,25,#NAME?,#NAME?,47,3,-104,25,#NAME?,0,travel 
1,1,0,88,25,100,25,#NAME?,#NAME?,#NAME?,#NAME?,#NAME?,#NAME?,#NAME?,0,pre-pattern 
1,1,0,100,25,160,25,#NAME?,#NAME?,#NAME?,#NAME?,#NAME?,#NAME?,#NAME?,1,drawn_seg 
1,1,0,160,25,161,25,#NAME?,#NAME?,#NAME?,#NAME?,#NAME?,#NAME?,#NAME?,0,post-pattern 
1,1,4,161,25,172,26,#NAME?,#NAME?,177,25,364,26,#NAME?,0,travel 
2,2,0,172,26,160,26,#NAME?,#NAME?,#NAME?,#NAME?,#NAME?,#NAME?,#NAME?,0,pre-pattern 
2,2,0,160,26,100,26,#NAME?,#NAME?,#NAME?,#NAME?,#NAME?,#NAME?,#NAME?,1,drawn_seg 
2,2,0,100,26,99,26,#NAME?,#NAME?,#NAME?,#NAME?,#NAME?,#NAME?,#NAME?,0,post-pattern 
2,2,4,99,26,88,24,#NAME?,#NAME?,83,26,-104,24,#NAME?,0,travel 
3,3,0,88,24,100,24,#NAME?,#NAME?,#NAME?,#NAME?,#NAME?,#NAME?,#NAME?,0,pre-pattern 
3,3,0,100,24,160,24,#NAME?,#NAME?,#NAME?,#NAME?,#NAME?,#NAME?,#NAME?,1,drawn_seg 
3,3,0,160,24,161,24,#NAME?,#NAME?,#NAME?,#NAME?,#NAME?,#NAME?,#NAME?,0,post-pattern 
3,3,4,161,24,172,27,#NAME?,#NAME?,177,24,364,27,#NAME?,0,travel 
4,4,0,172,27,160,27,#NAME?,#NAME?,#NAME?,#NAME?,#NAME?,#NAME?,#NAME?,0,pre-pattern 
4,4,0,160,27,100,27,#NAME?,#NAME?,#NAME?,#NAME?,#NAME?,#NAME?,#NAME?,1,drawn_seg 
4,4,0,100,27,99,27,#NAME?,#NAME?,#NAME?,#NAME?,#NAME?,#NAME?,#NAME?,0,post-pattern 
4,4,4,99,27,88,23,#NAME?,#NAME?,83,27,-104,23,#NAME?,0,travel 
5,5,0,88,23,100,23,#NAME?,#NAME?,#NAME?,#NAME?,#NAME?,#NAME?,#NAME?,0,pre-pattern 
5,5,0,100,23,160,23,#NAME?,#NAME?,#NAME?,#NAME?,#NAME?,#NAME?,#NAME?,1,drawn_seg 
5,5,0,160,23,161,23,#NAME?,#NAME?,#NAME?,#NAME?,#NAME?,#NAME?,#NAME?,0,post-pattern 
5,5,4,161,23,172,28,#NAME?,#NAME?,177,23,364,28,#NAME?,0,travel 
6,6,0,172,28,160,28,#NAME?,#NAME?,#NAME?,#NAME?,#NAME?,#NAME?,#NAME?,0,pre-pattern 
6,6,0,160,28,100,28,#NAME?,#NAME?,#NAME?,#NAME?,#NAME?,#NAME?,#NAME?,1,drawn_seg 
6,6,0,100,28,99,28,#NAME?,#NAME?,#NAME?,#NAME?,#NAME?,#NAME?,#NAME?,0,post-pattern 
6,6,4,99,28,88,22,#NAME?,#NAME?,83,28,-104,22,#NAME?,0,travel 
7,7,0,88,22,100,22,#NAME?,#NAME?,#NAME?,#NAME?,#NAME?,#NAME?,#NAME?,0,pre-pattern 
7,7,0,100,22,160,22,#NAME?,#NAME?,#NAME?,#NAME?,#NAME?,#NAME?,#NAME?,1,drawn_seg 
7,7,0,160,22,161,22,#NAME?,#NAME?,#NAME?,#NAME?,#NAME?,#NAME?,#NAME?,0,post-pattern 
7,7,4,161,22,172,29,#NAME?,#NAME?,177,22,364,29,#NAME?,0,travel 
8,8,0,172,29,160,29,#NAME?,#NAME?,#NAME?,#NAME?,#NAME?,#NAME?,#NAME?,0,pre-pattern 
8,8,0,160,29,100,29,#NAME?,#NAME?,#NAME?,#NAME?,#NAME?,#NAME?,#NAME?,1,drawn_seg 
8,8,0,100,29,99,29,#NAME?,#NAME?,#NAME?,#NAME?,#NAME?,#NAME?,#NAME?,0,post-pattern 
8,8,4,99,29,88,21,#NAME?,#NAME?,83,29,-104,21,#NAME?,0,travel 
9,9,0,88,21,100,21,#NAME?,#NAME?,#NAME?,#NAME?,#NAME?,#NAME?,#NAME?,0,pre-pattern 
9,9,0,100,21,160,21,#NAME?,#NAME?,#NAME?,#NAME?,#NAME?,#NAME?,#NAME?,1,drawn_seg 
9,9,0,160,21,161,21,#NAME?,#NAME?,#NAME?,#NAME?,#NAME?,#NAME?,#NAME?,0,post-pattern 
9,9,4,161,21,172,30,#NAME?,#NAME?,177,21,364,30,#NAME?,0,travel 
10,10,0,172,30,160,30,#NAME?,#NAME?,#NAME?,#NAME?,#NAME?,#NAME?,#NAME?,0,pre-pattern 
10,10,0,160,30,100,30,#NAME?,#NAME?,#NAME?,#NAME?,#NAME?,#NAME?,#NAME?,1,drawn_seg 
10,10,0,100,30,99,30,#NAME?,#NAME?,#NAME?,#NAME?,#NAME?,#NAME?,#NAME?,0,post-pattern 
10,10,4,99,30,88,20,#NAME?,#NAME?,83,30,-104,20,#NAME?,0,travel 
11,11,0,88,20,100,20,#NAME?,#NAME?,#NAME?,#NAME?,#NAME?,#NAME?,#NAME?,0,pre-pattern 
11,11,0,100,20,160,20,#NAME?,#NAME?,#NAME?,#NAME?,#NAME?,#NAME?,#NAME?,1,drawn_seg 
11,11,0,160,20,161,20,#NAME?,#NAME?,#NAME?,#NAME?,#NAME?,#NAME?,#NAME?,0,post-pattern 
11,11,4,161,20,172,31,#NAME?,#NAME?,177,20,364,31,#NAME?,0,travel 
12,12,0,172,31,160,31,#NAME?,#NAME?,#NAME?,#NAME?,#NAME?,#NAME?,#NAME?,0,pre-pattern 
12,12,0,160,31,100,31,#NAME?,#NAME?,#NAME?,#NAME?,#NAME?,#NAME?,#NAME?,1,drawn_seg 
12,12,0,100,31,99,31,#NAME?,#NAME?,#NAME?,#NAME?,#NAME?,#NAME?,#NAME?,0,post-pattern 
12,12,4,99,31,88,19,#NAME?,#NAME?,83,31,-104,19,#NAME?,0,travel 
13,13,0,88,19,100,19,#NAME?,#NAME?,#NAME?,#NAME?,#NAME?,#NAME?,#NAME?,0,pre-pattern 
13,13,0,100,19,160,19,#NAME?,#NAME?,#NAME?,#NAME?,#NAME?,#NAME?,#NAME?,1,drawn_seg 
13,13,0,160,19,161,19,#NAME?,#NAME?,#NAME?,#NAME?,#NAME?,#NAME?,#NAME?,0,post-pattern 
13,13,4,161,19,172,32,#NAME?,#NAME?,177,19,364,32,#NAME?,0,travel 
14,14,0,172,32,160,32,#NAME?,#NAME?,#NAME?,#NAME?,#NAME?,#NAME?,#NAME?,0,pre-pattern 
14,14,0,160,32,100,32,#NAME?,#NAME?,#NAME?,#NAME?,#NAME?,#NAME?,#NAME?,1,drawn_seg 
14,14,0,100,32,99,32,#NAME?,#NAME?,#NAME?,#NAME?,#NAME?,#NAME?,#NAME?,0,post-pattern 
14,14,4,99,32,88,18,#NAME?,#NAME?,83,32,-104,18,#NAME?,0,travel 
15,15,0,88,18,100,18,#NAME?,#NAME?,#NAME?,#NAME?,#NAME?,#NAME?,#NAME?,0,pre-pattern 
15,15,0,100,18,160,18,#NAME?,#NAME?,#NAME?,#NAME?,#NAME?,#NAME?,#NAME?,1,drawn_seg 
15,15,0,160,18,161,18,#NAME?,#NAME?,#NAME?,#NAME?,#NAME?,#NAME?,#NAME?,0,post-pattern 
15,15,4,161,18,172,33,#NAME?,#NAME?,177,18,364,33,#NAME?,0,travel 
16,16,0,172,33,160,33,#NAME?,#NAME?,#NAME?,#NAME?,#NAME?,#NAME?,#NAME?,0,pre-pattern 
16,16,0,160,33,100,33,#NAME?,#NAME?,#NAME?,#NAME?,#NAME?,#NAME?,#NAME?,1,drawn_seg 
16,16,0,100,33,99,33,#NAME?,#NAME?,#NAME?,#NAME?,#NAME?,#NAME?,#NAME?,0,post-pattern 
16,16,4,99,33,88,17,#NAME?,#NAME?,83,33,-104,17,#NAME?,0,travel 
17,17,0,88,17,100,17,#NAME?,#NAME?,#NAME?,#NAME?,#NAME?,#NAME?,#NAME?,0,pre-pattern 
17,17,0,100,17,160,17,#NAME?,#NAME?,#NAME?,#NAME?,#NAME?,#NAME?,#NAME?,1,drawn_seg 
17,17,0,160,17,161,17,#NAME?,#NAME?,#NAME?,#NAME?,#NAME?,#NAME?,#NAME?,0,post-pattern 
17,17,4,161,17,172,34,#NAME?,#NAME?,177,17,364,34,#NAME?,0,travel 
18,18,0,172,34,160,34,#NAME?,#NAME?,#NAME?,#NAME?,#NAME?,#NAME?,#NAME?,0,pre-pattern 
18,18,0,160,34,100,34,#NAME?,#NAME?,#NAME?,#NAME?,#NAME?,#NAME?,#NAME?,1,drawn_seg 
18,18,0,100,34,99,34,#NAME?,#NAME?,#NAME?,#NAME?,#NAME?,#NAME?,#NAME?,0,post-pattern 
18,18,4,99,34,88,16,#NAME?,#NAME?,83,34,-104,16,#NAME?,0,travel 
19,19,0,88,16,100,16,#NAME?,#NAME?,#NAME?,#NAME?,#NAME?,#NAME?,#NAME?,0,pre-pattern 
19,19,0,100,16,160,16,#NAME?,#NAME?,#NAME?,#NAME?,#NAME?,#NAME?,#NAME?,1,drawn_seg 
19,19,0,160,16,161,16,#NAME?,#NAME?,#NAME?,#NAME?,#NAME?,#NAME?,#NAME?,0,post-pattern 
19,19,4,161,16,172,35,#NAME?,#NAME?,177,16,364,35,#NAME?,0,travel 
20,20,0,172,35,160,35,#NAME?,#NAME?,#NAME?,#NAME?,#NAME?,#NAME?,#NAME?,0,pre-pattern 
20,20,0,160,35,100,35,#NAME?,#NAME?,#NAME?,#NAME?,#NAME?,#NAME?,#NAME?,1,drawn_seg 
20,20,0,100,35,99,35,#NAME?,#NAME?,#NAME?,#NAME?,#NAME?,#NAME?,#NAME?,0,post-pattern 
20,20,4,99,35,88,15,#NAME?,#NAME?,83,35,-104,15,#NAME?,0,travel 
21,21,0,88,15,100,15,#NAME?,#NAME?,#NAME?,#NAME?,#NAME?,#NAME?,#NAME?,0,pre-pattern 
21,21,0,100,15,160,15,#NAME?,#NAME?,#NAME?,#NAME?,#NAME?,#NAME?,#NAME?,1,drawn_seg 
21,21,0,160,15,161,15,#NAME?,#NAME?,#NAME?,#NAME?,#NAME?,#NAME?,#NAME?,0,post-pattern 
21,21,4,161,15,172,36,#NAME?,#NAME?,177,15,364,36,#NAME?,0,travel 
22,22,0,172,36,160,36,#NAME?,#NAME?,#NAME?,#NAME?,#NAME?,#NAME?,#NAME?,0,pre-pattern 
22,22,0,160,36,100,36,#NAME?,#NAME?,#NAME?,#NAME?,#NAME?,#NAME?,#NAME?,1,drawn_seg 
22,22,0,100,36,99,36,#NAME?,#NAME?,#NAME?,#NAME?,#NAME?,#NAME?,#NAME?,0,post-pattern 
22,22,4,99,36,88,14,#NAME?,#NAME?,83,36,-104,14,#NAME?,0,travel 
23,23,0,88,14,100,14,#NAME?,#NAME?,#NAME?,#NAME?,#NAME?,#NAME?,#NAME?,0,pre-pattern 
23,23,0,100,14,160,14,#NAME?,#NAME?,#NAME?,#NAME?,#NAME?,#NAME?,#NAME?,1,drawn_seg 
23,23,0,160,14,161,14,#NAME?,#NAME?,#NAME?,#NAME?,#NAME?,#NAME?,#NAME?,0,post-pattern 
23,23,4,161,14,172,37,#NAME?,#NAME?,177,14,364,37,#NAME?,0,travel 
24,24,0,172,37,160,37,#NAME?,#NAME?,#NAME?,#NAME?,#NAME?,#NAME?,#NAME?,0,pre-pattern 
24,24,0,160,37,100,37,#NAME?,#NAME?,#NAME?,#NAME?,#NAME?,#NAME?,#NAME?,1,drawn_seg 
24,24,0,100,37,99,37,#NAME?,#NAME?,#NAME?,#NAME?,#NAME?,#NAME?,#NAME?,0,post-pattern 
24,24,4,99,37,88,13,#NAME?,#NAME?,83,37,-104,13,#NAME?,0,travel 
25,25,0,88,13,100,13,#NAME?,#NAME?,#NAME?,#NAME?,#NAME?,#NAME?,#NAME?,0,pre-pattern 
25,25,0,100,13,160,13,#NAME?,#NAME?,#NAME?,#NAME?,#NAME?,#NAME?,#NAME?,1,drawn_seg 
25,25,0,160,13,161,13,#NAME?,#NAME?,#NAME?,#NAME?,#NAME?,#NAME?,#NAME?,0,post-pattern 
25,25,4,161,13,172,38,#NAME?,#NAME?,177,13,364,38,#NAME?,0,travel 
26,26,0,172,38,160,38,#NAME?,#NAME?,#NAME?,#NAME?,#NAME?,#NAME?,#NAME?,0,pre-pattern 
26,26,0,160,38,100,38,#NAME?,#NAME?,#NAME?,#NAME?,#NAME?,#NAME?,#NAME?,1,drawn_seg 
26,26,0,100,38,99,38,#NAME?,#NAME?,#NAME?,#NAME?,#NAME?,#NAME?,#NAME?,0,post-pattern 
26,26,4,99,38,88,12,#NAME?,#NAME?,83,38,-104,12,#NAME?,0,travel 
27,27,0,88,12,100,12,#NAME?,#NAME?,#NAME?,#NAME?,#NAME?,#NAME?,#NAME?,0,pre-pattern 
27,27,0,100,12,160,12,#NAME?,#NAME?,#NAME?,#NAME?,#NAME?,#NAME?,#NAME?,1,drawn_seg 
27,27,0,160,12,161,12,#NAME?,#NAME?,#NAME?,#NAME?,#NAME?,#NAME?,#NAME?,0,post-pattern 
27,27,4,161,12,172,39,#NAME?,#NAME?,177,12,364,39,#NAME?,0,travel 
28,28,0,172,39,160,39,#NAME?,#NAME?,#NAME?,#NAME?,#NAME?,#NAME?,#NAME?,0,pre-pattern 
28,28,0,160,39,100,39,#NAME?,#NAME?,#NAME?,#NAME?,#NAME?,#NAME?,#NAME?,1,drawn_seg 
28,28,0,100,39,99,39,#NAME?,#NAME?,#NAME?,#NAME?,#NAME?,#NAME?,#NAME?,0,post-pattern 
28,28,4,99,39,88,11,#NAME?,#NAME?,83,39,-104,11,#NAME?,0,travel 
29,29,0,88,11,100,11,#NAME?,#NAME?,#NAME?,#NAME?,#NAME?,#NAME?,#NAME?,0,pre-pattern 
29,29,0,100,11,160,11,#NAME?,#NAME?,#NAME?,#NAME?,#NAME?,#NAME?,#NAME?,1,drawn_seg 
29,29,0,160,11,161,11,#NAME?,#NAME?,#NAME?,#NAME?,#NAME?,#NAME?,#NAME?,0,post-pattern 
29,29,4,161,11,172,40,#NAME?,#NAME?,177,11,364,40,#NAME?,0,travel 
30,30,0,172,40,160,40,#NAME?,#NAME?,#NAME?,#NAME?,#NAME?,#NAME?,#NAME?,0,pre-pattern 
30,30,0,160,40,100,40,#NAME?,#NAME?,#NAME?,#NAME?,#NAME?,#NAME?,#NAME?,1,drawn_seg 
30,30,0,100,40,99,40,#NAME?,#NAME?,#NAME?,#NAME?,#NAME?,#NAME?,#NAME?,0,post-pattern 
30,30,4,99,40,100,52,#NAME?,#NAME?,83,40,100,244,#NAME?,0,travel 
31,31,0,100,52,100,40,#NAME?,#NAME?,#NAME?,#NAME?,#NAME?,#NAME?,#NAME?,0,pre-pattern 
31,31,0,100,40,100,10,#NAME?,#NAME?,#NAME?,#NAME?,#NAME?,#NAME?,#NAME?,1,drawn_seg 
31,31,0,100,10,100,9,#NAME?,#NAME?,#NAME?,#NAME?,#NAME?,#NAME?,#NAME?,0,post-pattern 
31,31,4,100,9,88,10,#NAME?,#NAME?,100,-7,-104,10,#NAME?,0,travel 
32,32,0,88,10,100,10,#NAME?,#NAME?,#NAME?,#NAME?,#NAME?,#NAME?,#NAME?,0,pre-pattern 
32,32,0,100,10,160,10,#NAME?,#NAME?,#NAME?,#NAME?,#NAME?,#NAME?,#NAME?,1,drawn_seg 
32,32,0,160,10,161,10,#NAME?,#NAME?,#NAME?,#NAME?,#NAME?,#NAME?,#NAME?,0,post-pattern 
32,32,4,161,10,160,-2,#NAME?,#NAME?,177,10,160,-194,#NAME?,0,travel 
33,33,0,160,-2,160,10,#NAME?,#NAME?,#NAME?,#NAME?,#NAME?,#NAME?,#NAME?,0,pre-pattern 
33,1,3,100,10,60,30,#NAME?,#NAME?,#NAME?,#NAME?,#NAME?,#NAME?,1,1,drawn_seg 
33,33,0,30,3,31,3,#NAME?,#NAME?,#NAME?,#NAME?,#NAME?,#NAME?,#NAME?,0,post-pattern 
33,33,4,31,3,70,128,#NAME?,#NAME?,47,3,70,-64,#NAME?,0,travel 
34,34,0,70,128,70,140,#NAME?,#NAME?,#NAME?,#NAME?,#NAME?,#NAME?,#NAME?,0,pre-pattern 
34,34,1,50,50,51,50,1,1,#NAME?,#NAME?,#NAME?,#NAME?,#NAME?,1,drawn_seg 
#NAME?,#NAME?,#NAME?,#NAME?,#NAME?,#NAME?,#NAME?,#NAME?,#NAME?,#NAME?,#NAME?,#NAME?,#NAME?,#NAME?,0,post-pattern 
34,34,4,#NAME?,#NAME?,#NAME?,#NAME?,#NAME?,#NAME?,#NAME?,#NAME?,#NAME?,#NAME?,#NAME?,0,travel 
#NAME?,#NAME?,#NAME?,#NAME?,#NAME?,#NAME?,#NAME?,#NAME?,#NAME?,#NAME?,#NAME?,#NAME?,#NAME?,#NAME?,0,pre-pattern 
35,35,1,50,50,52,50,2,2,#NAME?,#NAME?,#NAME?,#NAME?,#NAME?,1,drawn_seg 
#NAME?,#NAME?,#NAME?,#NAME?,#NAME?,#NAME?,#NAME?,#NAME?,#NAME?,#NAME?,#NAME?,#NAME?,#NAME?,#NAME?,0,post-pattern 
35,35,4,#NAME?,#NAME?,#NAME?,#NAME?,#NAME?,#NAME?,#NAME?,#NAME?,#NAME?,#NAME?,#NAME?,0,travel 
#NAME?,#NAME?,#NAME?,#NAME?,#NAME?,#NAME?,#NAME?,#NAME?,#NAME?,#NAME?,#NAME?,#NAME?,#NAME?,#NAME?,0,pre-pattern 
36,36,1,50,50,53,50,3,3,#NAME?,#NAME?,#NAME?,#NAME?,#NAME?,1,drawn_seg 
#NAME?,#NAME?,#NAME?,#NAME?,#NAME?,#NAME?,#NAME?,#NAME?,#NAME?,#NAME?,#NAME?,#NAME?,#NAME?,#NAME?,0,post-pattern 
36,36,4,#NAME?,#NAME?,#NAME?,#NAME?,#NAME?,#NAME?,#NAME?,#NAME?,#NAME?,#NAME?,#NAME?,0,travel 
#NAME?,#NAME?,#NAME?,#NAME?,#NAME?,#NAME?,#NAME?,#NAME?,#NAME?,#NAME?,#NAME?,#NAME?,#NAME?,#NAME?,0,pre-pattern 
37,37,1,50,50,54,50,4,4,#NAME?,#NAME?,#NAME?,#NAME?,#NAME?,1,drawn_seg 
#NAME?,#NAME?,#NAME?,#NAME?,#NAME?,#NAME?,#NAME?,#NAME?,#NAME?,#NAME?,#NAME?,#NAME?,#NAME?,#NAME?,0,post-pattern 
37,37,4,#NAME?,#NAME?,#NAME?,#NAME?,#NAME?,#NAME?,#NAME?,#NAME?,#NAME?,#NAME?,#NAME?,0,travel 
#NAME?,#NAME?,#NAME?,#NAME?,#NAME?,#NAME?,#NAME?,#NAME?,#NAME?,#NAME?,#NAME?,#NAME?,#NAME?,#NAME?,0,pre-pattern 
38,38,1,50,50,55,50,5,5,#NAME?,#NAME?,#NAME?,#NAME?,#NAME?,1,drawn_seg 
#NAME?,#NAME?,#NAME?,#NAME?,#NAME?,#NAME?,#NAME?,#NAME?,#NAME?,#NAME?,#NAME?,#NAME?,#NAME?,#NAME?,0,post-pattern 
38,38,4,#NAME?,#NAME?,#NAME?,#NAME?,#NAME?,#NAME?,#NAME?,#NAME?,#NAME?,#NAME?,#NAME?,0,travel 
#NAME?,#NAME?,#NAME?,#NAME?,#NAME?,#NAME?,#NAME?,#NAME?,#NAME?,#NAME?,#NAME?,#NAME?,#NAME?,#NAME?,0,pre-pattern 
39,39,1,50,50,56,50,6,6,#NAME?,#NAME?,#NAME?,#NAME?,#NAME?,1,drawn_seg 
#NAME?,#NAME?,#NAME?,#NAME?,#NAME?,#NAME?,#NAME?,#NAME?,#NAME?,#NAME?,#NAME?,#NAME?,#NAME?,#NAME?,0,post-pattern 
39,39,4,#NAME?,#NAME?,#NAME?,#NAME?,#NAME?,#NAME?,#NAME?,#NAME?,#NAME?,#NAME?,#NAME?,0,travel 
#NAME?,#NAME?,#NAME?,#NAME?,#NAME?,#NAME?,#NAME?,#NAME?,#NAME?,#NAME?,#NAME?,#NAME?,#NAME?,#NAME?,0,pre-pattern 
40,40,1,50,50,57,50,7,7,#NAME?,#NAME?,#NAME?,#NAME?,#NAME?,1,drawn_seg 
#NAME?,#NAME?,#NAME?,#NAME?,#NAME?,#NAME?,#NAME?,#NAME?,#NAME?,#NAME?,#NAME?,#NAME?,#NAME?,#NAME?,0,post-pattern 
40,40,4,#NAME?,#NAME?,#NAME?,#NAME?,#NAME?,#NAME?,#NAME?,#NAME?,#NAME?,#NAME?,#NAME?,0,travel 
#NAME?,#NAME?,#NAME?,#NAME?,#NAME?,#NAME?,#NAME?,#NAME?,#NAME?,#NAME?,#NAME?,#NAME?,#NAME?,#NAME?,0,pre-pattern 
41,41,1,50,50,58,50,8,8,#NAME?,#NAME?,#NAME?,#NAME?,#NAME?,1,drawn_seg 
#NAME?,#NAME?,#NAME?,#NAME?,#NAME?,#NAME?,#NAME?,#NAME?,#NAME?,#NAME?,#NAME?,#NAME?,#NAME?,#NAME?,0,post-pattern 
41,41,4,#NAME?,#NAME?,#NAME?,#NAME?,#NAME?,#NAME?,#NAME?,#NAME?,#NAME?,#NAME?,#NAME?,0,travel 
#NAME?,#NAME?,#NAME?,#NAME?,#NAME?,#NAME?,#NAME?,#NAME?,#NAME?,#NAME?,#NAME?,#NAME?,#NAME?,#NAME?,0,pre-pattern 
42,42,1,50,50,59,50,9,9,#NAME?,#NAME?,#NAME?,#NAME?,#NAME?,1,drawn_seg 
#NAME?,#NAME?,#NAME?,#NAME?,#NAME?,#NAME?,#NAME?,#NAME?,#NAME?,#NAME?,#NAME?,#NAME?,#NAME?,#NAME?,0,post-pattern 
42,42,4,#NAME?,#NAME?,#NAME?,#NAME?,#NAME?,#NAME?,#NAME?,#NAME?,#NAME?,#NAME?,#NAME?,0,travel 
#NAME?,#NAME?,#NAME?,#NAME?,#NAME?,#NAME?,#NAME?,#NAME?,#NAME?,#NAME?,#NAME?,#NAME?,#NAME?,#NAME?,0,pre-pattern 
43,43,1,50,50,60,50,10,10,#NAME?,#NAME?,#NAME?,#NAME?,#NAME?,1,drawn_seg 
#NAME?,#NAME?,#NAME?,#NAME?,#NAME?,#NAME?,#NAME?,#NAME?,#NAME?,#NAME?,#NAME?,#NAME?,#NAME?,#NAME?,0,post-pattern 
43,43,4,#NAME?,#NAME?,#NAME?,#NAME?,#NAME?,#NAME?,#NAME?,#NAME?,#NAME?,#NAME?,#NAME?,0,travel 
#NAME?,#NAME?,#NAME?,#NAME?,#NAME?,#NAME?,#NAME?,#NAME?,#NAME?,#NAME?,#NAME?,#NAME?,#NAME?,#NAME?,0,pre-pattern 
44,44,1,50,50,61,50,11,11,#NAME?,#NAME?,#NAME?,#NAME?,#NAME?,1,drawn_seg 
#NAME?,#NAME?,#NAME?,#NAME?,#NAME?,#NAME?,#NAME?,#NAME?,#NAME?,#NAME?,#NAME?,#NAME?,#NAME?,#NAME?,0,post-pattern 
44,44,4,#NAME?,#NAME?,#NAME?,#NAME?,#NAME?,#NAME?,#NAME?,#NAME?,#NAME?,#NAME?,#NAME?,0,travel 
#NAME?,#NAME?,#NAME?,#NAME?,#NAME?,#NAME?,#NAME?,#NAME?,#NAME?,#NAME?,#NAME?,#NAME?,#NAME?,#NAME?,0,pre-pattern 
45,45,1,50,50,62,50,12,12,#NAME?,#NAME?,#NAME?,#NAME?,#NAME?,1,drawn_seg 
#NAME?,#NAME?,#NAME?,#NAME?,#NAME?,#NAME?,#NAME?,#NAME?,#NAME?,#NAME?,#NAME?,#NAME?,#NAME?,#NAME?,0,post-pattern 
45,45,4,#NAME?,#NAME?,#NAME?,#NAME?,#NAME?,#NAME?,#NAME?,#NAME?,#NAME?,#NAME?,#NAME?,0,travel 
#NAME?,#NAME?,#NAME?,#NAME?,#NAME?,#NAME?,#NAME?,#NAME?,#NAME?,#NAME?,#NAME?,#NAME?,#NAME?,#NAME?,0,pre-pattern 
46,46,1,50,50,63,50,13,13,#NAME?,#NAME?,#NAME?,#NAME?,#NAME?,1,drawn_seg 
#NAME?,#NAME?,#NAME?,#NAME?,#NAME?,#NAME?,#NAME?,#NAME?,#NAME?,#NAME?,#NAME?,#NAME?,#NAME?,#NAME?,0,post-pattern 
46,46,4,#NAME?,#NAME?,#NAME?,#NAME?,#NAME?,#NAME?,#NAME?,#NAME?,#NAME?,#NAME?,#NAME?,0,travel 
#NAME?,#NAME?,#NAME?,#NAME?,#NAME?,#NAME?,#NAME?,#NAME?,#NAME?,#NAME?,#NAME?,#NAME?,#NAME?,#NAME?,0,pre-pattern 
47,47,1,50,50,64,50,14,14,#NAME?,#NAME?,#NAME?,#NAME?,#NAME?,1,drawn_seg 
#NAME?,#NAME?,#NAME?,#NAME?,#NAME?,#NAME?,#NAME?,#NAME?,#NAME?,#NAME?,#NAME?,#NAME?,#NAME?,#NAME?,0,post-pattern 
47,47,4,#NAME?,#NAME?,#NAME?,#NAME?,#NAME?,#NAME?,#NAME?,#NAME?,#NAME?,#NAME?,#NAME?,0,travel 
#NAME?,#NAME?,#NAME?,#NAME?,#NAME?,#NAME?,#NAME?,#NAME?,#NAME?,#NAME?,#NAME?,#NAME?,#NAME?,#NAME?,0,pre-pattern 
48,48,1,50,50,65,50,15,15,#NAME?,#NAME?,#NAME?,#NAME?,#NAME?,1,drawn_seg 
#NAME?,#NAME?,#NAME?,#NAME?,#NAME?,#NAME?,#NAME?,#NAME?,#NAME?,#NAME?,#NAME?,#NAME?,#NAME?,#NAME?,0,post-pattern 
48,48,4,#NAME?,#NAME?,#NAME?,#NAME?,#NAME?,#NAME?,#NAME?,#NAME?,#NAME?,#NAME?,#NAME?,0,travel 
#NAME?,#NAME?,#NAME?,#NAME?,#NAME?,#NAME?,#NAME?,#NAME?,#NAME?,#NAME?,#NAME?,#NAME?,#NAME?,#NAME?,0,pre-pattern 
49,49,1,50,50,66,50,16,16,#NAME?,#NAME?,#NAME?,#NAME?,#NAME?,1,drawn_seg 
#NAME?,#NAME?,#NAME?,#NAME?,#NAME?,#NAME?,#NAME?,#NAME?,#NAME?,#NAME?,#NAME?,#NAME?,#NAME?,#NAME?,0,post-pattern 
49,49,4,#NAME?,#NAME?,#NAME?,#NAME?,#NAME?,#NAME?,#NAME?,#NAME?,#NAME?,#NAME?,#NAME?,0,travel 
#NAME?,#NAME?,#NAME?,#NAME?,#NAME?,#NAME?,#NAME?,#NAME?,#NAME?,#NAME?,#NAME?,#NAME?,#NAME?,#NAME?,0,pre-pattern 
50,50,1,50,50,67,50,17,17,#NAME?,#NAME?,#NAME?,#NAME?,#NAME?,1,drawn_seg 
#NAME?,#NAME?,#NAME?,#NAME?,#NAME?,#NAME?,#NAME?,#NAME?,#NAME?,#NAME?,#NAME?,#NAME?,#NAME?,#NAME?,0,post-pattern 
50,50,4,#NAME?,#NAME?,#NAME?,#NAME?,#NAME?,#NAME?,#NAME?,#NAME?,#NAME?,#NAME?,#NAME?,0,travel 
#NAME?,#NAME?,#NAME?,#NAME?,#NAME?,#NAME?,#NAME?,#NAME?,#NAME?,#NAME?,#NAME?,#NAME?,#NAME?,#NAME?,0,pre-pattern 
51,51,1,50,50,68,50,18,18,#NAME?,#NAME?,#NAME?,#NAME?,#NAME?,1,drawn_seg 
#NAME?,#NAME?,#NAME?,#NAME?,#NAME?,#NAME?,#NAME?,#NAME?,#NAME?,#NAME?,#NAME?,#NAME?,#NAME?,#NAME?,0,post-pattern 
51,51,4,#NAME?,#NAME?,#NAME?,#NAME?,#NAME?,#NAME?,#NAME?,#NAME?,#NAME?,#NAME?,#NAME?,0,travel 
#NAME?,#NAME?,#NAME?,#NAME?,#NAME?,#NAME?,#NAME?,#NAME?,#NAME?,#NAME?,#NAME?,#NAME?,#NAME?,#NAME?,0,pre-pattern 
52,52,1,50,50,69,50,19,19,#NAME?,#NAME?,#NAME?,#NAME?,#NAME?,1,drawn_seg 
#NAME?,#NAME?,#NAME?,#NAME?,#NAME?,#NAME?,#NAME?,#NAME?,#NAME?,#NAME?,#NAME?,#NAME?,#NAME?,#NAME?,0,post-pattern 
52,52,4,#NAME?,#NAME?,#NAME?,#NAME?,#NAME?,#NAME?,#NAME?,#NAME?,#NAME?,#NAME?,#NAME?,0,travel 
#NAME?,#NAME?,#NAME?,#NAME?,#NAME?,#NAME?,#NAME?,#NAME?,#NAME?,#NAME?,#NAME?,#NAME?,#NAME?,#NAME?,0,pre-pattern 
53,53,1,50,50,70,50,20,20,#NAME?,#NAME?,#NAME?,#NAME?,#NAME?,1,drawn_seg 
#NAME?,#NAME?,#NAME?,#NAME?,#NAME?,#NAME?,#NAME?,#NAME?,#NAME?,#NAME?,#NAME?,#NAME?,#NAME?,#NAME?,0,post-pattern 
53,53,4,#NAME?,#NAME?,#NAME?,#NAME?,#NAME?,#NAME?,#NAME?,#NAME?,#NAME?,#NAME?,#NAME?,0,travel 
#NAME?,#NAME?,#NAME?,#NAME?,#NAME?,#NAME?,#NAME?,#NAME?,#NAME?,#NAME?,#NAME?,#NAME?,#NAME?,#NAME?,0,pre-pattern 
54,54,1,50,50,71,50,21,21,#NAME?,#NAME?,#NAME?,#NAME?,#NAME?,1,drawn_seg 
#NAME?,#NAME?,#NAME?,#NAME?,#NAME?,#NAME?,#NAME?,#NAME?,#NAME?,#NAME?,#NAME?,#NAME?,#NAME?,#NAME?,0,post-pattern 
54,54,4,#NAME?,#NAME?,#NAME?,#NAME?,#NAME?,#NAME?,#NAME?,#NAME?,#NAME?,#NAME?,#NAME?,0,travel 
#NAME?,#NAME?,#NAME?,#NAME?,#NAME?,#NAME?,#NAME?,#NAME?,#NAME?,#NAME?,#NAME?,#NAME?,#NAME?,#NAME?,0,pre-pattern 
55,55,1,50,50,72,50,22,22,#NAME?,#NAME?,#NAME?,#NAME?,#NAME?,1,drawn_seg 
#NAME?,#NAME?,#NAME?,#NAME?,#NAME?,#NAME?,#NAME?,#NAME?,#NAME?,#NAME?,#NAME?,#NAME?,#NAME?,#NAME?,0,post-pattern 
55,55,4,#NAME?,#NAME?,#NAME?,#NAME?,#NAME?,#NAME?,#NAME?,#NAME?,#NAME?,#NAME?,#NAME?,0,travel 
#NAME?,#NAME?,#NAME?,#NAME?,#NAME?,#NAME?,#NAME?,#NAME?,#NAME?,#NAME?,#NAME?,#NAME?,#NAME?,#NAME?,0,pre-pattern 
56,56,1,50,50,73,50,23,23,#NAME?,#NAME?,#NAME?,#NAME?,#NAME?,1,drawn_seg 
#NAME?,#NAME?,#NAME?,#NAME?,#NAME?,#NAME?,#NAME?,#NAME?,#NAME?,#NAME?,#NAME?,#NAME?,#NAME?,#NAME?,0,post-pattern 
56,56,4,#NAME?,#NAME?,#NAME?,#NAME?,#NAME?,#NAME?,#NAME?,#NAME?,#NAME?,#NAME?,#NAME?,0,travel 
#NAME?,#NAME?,#NAME?,#NAME?,#NAME?,#NAME?,#NAME?,#NAME?,#NAME?,#NAME?,#NAME?,#NAME?,#NAME?,#NAME?,0,pre-pattern 
57,57,1,50,50,74,50,24,24,#NAME?,#NAME?,#NAME?,#NAME?,#NAME?,1,drawn_seg 
#NAME?,#NAME?,#NAME?,#NAME?,#NAME?,#NAME?,#NAME?,#NAME?,#NAME?,#NAME?,#NAME?,#NAME?,#NAME?,#NAME?,0,post-pattern 
57,57,4,#NAME?,#NAME?,#NAME?,#NAME?,#NAME?,#NAME?,#NAME?,#NAME?,#NAME?,#NAME?,#NAME?,0,travel 
#NAME?,#NAME?,#NAME?,#NAME?,#NAME?,#NAME?,#NAME?,#NAME?,#NAME?,#NAME?,#NAME?,#NAME?,#NAME?,#NAME?,0,pre-pattern 
58,58,1,50,50,75,50,25,25,#NAME?,#NAME?,#NAME?,#NAME?,#NAME?,1,drawn_seg 
#NAME?,#NAME?,#NAME?,#NAME?,#NAME?,#NAME?,#NAME?,#NAME?,#NAME?,#NAME?,#NAME?,#NAME?,#NAME?,#NAME?,0,post-pattern 
58,58,4,#NAME?,#NAME?,#NAME?,#NAME?,#NAME?,#NAME?,#NAME?,#NAME?,#NAME?,#NAME?,#NAME?,0,travel 
#NAME?,#NAME?,#NAME?,#NAME?,#NAME?,#NAME?,#NAME?,#NAME?,#NAME?,#NAME?,#NAME?,#NAME?,#NAME?,#NAME?,0,pre-pattern 
59,59,1,50,50,76,50,26,26,#NAME?,#NAME?,#NAME?,#NAME?,#NAME?,1,drawn_seg 
#NAME?,#NAME?,#NAME?,#NAME?,#NAME?,#NAME?,#NAME?,#NAME?,#NAME?,#NAME?,#NAME?,#NAME?,#NAME?,#NAME?,0,post-pattern 
59,59,4,#NAME?,#NAME?,#NAME?,#NAME?,#NAME?,#NAME?,#NAME?,#NAME?,#NAME?,#NAME?,#NAME?,0,travel 
#NAME?,#NAME?,#NAME?,#NAME?,#NAME?,#NAME?,#NAME?,#NAME?,#NAME?,#NAME?,#NAME?,#NAME?,#NAME?,#NAME?,0,pre-pattern 
60,60,1,50,50,77,50,27,27,#NAME?,#NAME?,#NAME?,#NAME?,#NAME?,1,drawn_seg 
#NAME?,#NAME?,#NAME?,#NAME?,#NAME?,#NAME?,#NAME?,#NAME?,#NAME?,#NAME?,#NAME?,#NAME?,#NAME?,#NAME?,0,post-pattern 
60,60,4,#NAME?,#NAME?,#NAME?,#NAME?,#NAME?,#NAME?,#NAME?,#NAME?,#NAME?,#NAME?,#NAME?,0,travel 
#NAME?,#NAME?,#NAME?,#NAME?,#NAME?,#NAME?,#NAME?,#NAME?,#NAME?,#NAME?,#NAME?,#NAME?,#NAME?,#NAME?,0,pre-pattern 
61,61,1,50,50,78,50,28,28,#NAME?,#NAME?,#NAME?,#NAME?,#NAME?,1,drawn_seg 
#NAME?,#NAME?,#NAME?,#NAME?,#NAME?,#NAME?,#NAME?,#NAME?,#NAME?,#NAME?,#NAME?,#NAME?,#NAME?,#NAME?,0,post-pattern 
61,61,4,#NAME?,#NAME?,#NAME?,#NAME?,#NAME?,#NAME?,#NAME?,#NAME?,#NAME?,#NAME?,#NAME?,0,travel 
#NAME?,#NAME?,#NAME?,#NAME?,#NAME?,#NAME?,#NAME?,#NAME?,#NAME?,#NAME?,#NAME?,#NAME?,#NAME?,#NAME?,0,pre-pattern 
62,62,1,50,50,79,50,29,29,#NAME?,#NAME?,#NAME?,#NAME?,#NAME?,1,drawn_seg 
#NAME?,#NAME?,#NAME?,#NAME?,#NAME?,#NAME?,#NAME?,#NAME?,#NAME?,#NAME?,#NAME?,#NAME?,#NAME?,#NAME?,0,post-pattern 
62,62,4,#NAME?,#NAME?,#NAME?,#NAME?,#NAME?,#NAME?,#NAME?,#NAME?,#NAME?,#NAME?,#NAME?,0,travel 
#NAME?,#NAME?,#NAME?,#NAME?,#NAME?,#NAME?,#NAME?,#NAME?,#NAME?,#NAME?,#NAME?,#NAME?,#NAME?,#NAME?,0,pre-pattern 
63,63,1,50,50,80,50,30,30,#NAME?,#NAME?,#NAME?,#NAME?,#NAME?,1,drawn_seg 
#NAME?,#NAME?,#NAME?,#NAME?,#NAME?,#NAME?,#NAME?,#NAME?,#NAME?,#NAME?,#NAME?,#NAME?,#NAME?,#NAME?,0,post-pattern 
63,63,4,#NAME?,#NAME?,#NAME?,#NAME?,#NAME?,#NAME?,#NAME?,#NAME?,#NAME?,#NAME?,#NAME?,0,travel 
#NAME?,#NAME?,#NAME?,#NAME?,#NAME?,#NAME?,#NAME?,#NAME?,#NAME?,#NAME?,#NAME?,#NAME?,#NAME?,#NAME?,0,pre-pattern 
64,64,1,50,50,81,50,31,31,#NAME?,#NAME?,#NAME?,#NAME?,#NAME?,1,drawn_seg 
#NAME?,#NAME?,#NAME?,#NAME?,#NAME?,#NAME?,#NAME?,#NAME?,#NAME?,#NAME?,#NAME?,#NAME?,#NAME?,#NAME?,0,post-pattern 
64,64,4,#NAME?,#NAME?,#NAME?,#NAME?,#NAME?,#NAME?,#NAME?,#NAME?,#NAME?,#NAME?,#NAME?,0,travel 
#NAME?,#NAME?,#NAME?,#NAME?,#NAME?,#NAME?,#NAME?,#NAME?,#NAME?,#NAME?,#NAME?,#NAME?,#NAME?,#NAME?,0,pre-pattern 
65,65,1,50,50,82,50,32,32,#NAME?,#NAME?,#NAME?,#NAME?,#NAME?,1,drawn_seg 
#NAME?,#NAME?,#NAME?,#NAME?,#NAME?,#NAME?,#NAME?,#NAME?,#NAME?,#NAME?,#NAME?,#NAME?,#NAME?,#NAME?,0,post-pattern 
65,65,4,#NAME?,#NAME?,#NAME?,#NAME?,#NAME?,#NAME?,#NAME?,#NAME?,#NAME?,#NAME?,#NAME?,0,travel 
#NAME?,#NAME?,#NAME?,#NAME?,#NAME?,#NAME?,#NAME?,#NAME?,#NAME?,#NAME?,#NAME?,#NAME?,#NAME?,#NAME?,0,pre-pattern 
66,66,1,50,50,83,50,33,33,#NAME?,#NAME?,#NAME?,#NAME?,#NAME?,1,drawn_seg 
#NAME?,#NAME?,#NAME?,#NAME?,#NAME?,#NAME?,#NAME?,#NAME?,#NAME?,#NAME?,#NAME?,#NAME?,#NAME?,#NAME?,0,post-pattern 
66,66,4,#NAME?,#NAME?,#NAME?,#NAME?,#NAME?,#NAME?,#NAME?,#NAME?,#NAME?,#NAME?,#NAME?,0,travel 
#NAME?,#NAME?,#NAME?,#NAME?,#NAME?,#NAME?,#NAME?,#NAME?,#NAME?,#NAME?,#NAME?,#NAME?,#NAME?,#NAME?,0,pre-pattern 
67,67,1,50,50,84,50,34,34,#NAME?,#NAME?,#NAME?,#NAME?,#NAME?,1,drawn_seg 
#NAME?,#NAME?,#NAME?,#NAME?,#NAME?,#NAME?,#NAME?,#NAME?,#NAME?,#NAME?,#NAME?,#NAME?,#NAME?,#NAME?,0,post-pattern 
67,67,4,#NAME?,#NAME?,#NAME?,#NAME?,#NAME?,#NAME?,#NAME?,#NAME?,#NAME?,#NAME?,#NAME?,0,travel 
#NAME?,#NAME?,#NAME?,#NAME?,#NAME?,#NAME?,#NAME?,#NAME?,#NAME?,#NAME?,#NAME?,#NAME?,#NAME?,#NAME?,0,pre-pattern 
68,68,1,50,50,85,50,35,35,#NAME?,#NAME?,#NAME?,#NAME?,#NAME?,1,drawn_seg 
#NAME?,#NAME?,#NAME?,#NAME?,#NAME?,#NAME?,#NAME?,#NAME?,#NAME?,#NAME?,#NAME?,#NAME?,#NAME?,#NAME?,0,post-pattern 
68,68,4,#NAME?,#NAME?,#NAME?,#NAME?,#NAME?,#NAME?,#NAME?,#NAME?,#NAME?,#NAME?,#NAME?,0,travel 
#NAME?,#NAME?,#NAME?,#NAME?,#NAME?,#NAME?,#NAME?,#NAME?,#NAME?,#NAME?,#NAME?,#NAME?,#NAME?,#NAME?,0,pre-pattern 
69,69,1,50,50,86,50,36,36,#NAME?,#NAME?,#NAME?,#NAME?,#NAME?,1,drawn_seg 
#NAME?,#NAME?,#NAME?,#NAME?,#NAME?,#NAME?,#NAME?,#NAME?,#NAME?,#NAME?,#NAME?,#NAME?,#NAME?,#NAME?,0,post-pattern 
69,69,4,#NAME?,#NAME?,#NAME?,#NAME?,#NAME?,#NAME?,#NAME?,#NAME?,#NAME?,#NAME?,#NAME?,0,travel 
#NAME?,#NAME?,#NAME?,#NAME?,#NAME?,#NAME?,#NAME?,#NAME?,#NAME?,#NAME?,#NAME?,#NAME?,#NAME?,#NAME?,0,pre-pattern 
70,70,1,50,50,87,50,37,37,#NAME?,#NAME?,#NAME?,#NAME?,#NAME?,1,drawn_seg 
#NAME?,#NAME?,#NAME?,#NAME?,#NAME?,#NAME?,#NAME?,#NAME?,#NAME?,#NAME?,#NAME?,#NAME?,#NAME?,#NAME?,0,post-pattern 
70,70,4,#NAME?,#NAME?,#NAME?,#NAME?,#NAME?,#NAME?,#NAME?,#NAME?,#NAME?,#NAME?,#NAME?,0,travel 
#NAME?,#NAME?,#NAME?,#NAME?,#NAME?,#NAME?,#NAME?,#NAME?,#NAME?,#NAME?,#NAME?,#NAME?,#NAME?,#NAME?,0,pre-pattern 
71,71,1,50,50,88,50,38,38,#NAME?,#NAME?,#NAME?,#NAME?,#NAME?,1,drawn_seg 
#NAME?,#NAME?,#NAME?,#NAME?,#NAME?,#NAME?,#NAME?,#NAME?,#NAME?,#NAME?,#NAME?,#NAME?,#NAME?,#NAME?,0,post-pattern 
71,71,4,#NAME?,#NAME?,#NAME?,#NAME?,#NAME?,#NAME?,#NAME?,#NAME?,#NAME?,#NAME?,#NAME?,0,travel 
#NAME?,#NAME?,#NAME?,#NAME?,#NAME?,#NAME?,#NAME?,#NAME?,#NAME?,#NAME?,#NAME?,#NAME?,#NAME?,#NAME?,0,pre-pattern 
72,72,1,50,50,89,50,39,39,#NAME?,#NAME?,#NAME?,#NAME?,#NAME?,1,drawn_seg 
#NAME?,#NAME?,#NAME?,#NAME?,#NAME?,#NAME?,#NAME?,#NAME?,#NAME?,#NAME?,#NAME?,#NAME?,#NAME?,#NAME?,0,post-pattern 
72,72,4,#NAME?,#NAME?,#NAME?,#NAME?,#NAME?,#NAME?,#NAME?,#NAME?,#NAME?,#NAME?,#NAME?,0,travel 
#NAME?,#NAME?,#NAME?,#NAME?,#NAME?,#NAME?,#NAME?,#NAME?,#NAME?,#NAME?,#NAME?,#NAME?,#NAME?,#NAME?,0,pre-pattern 
73,2,1,50,50,51,50,40,40,#NAME?,#NAME?,#NAME?,#NAME?,1,1,drawn_seg 
74,74,0,100,78,100,90,#NAME?,#NAME?,#NAME?,#NAME?,#NAME?,#NAME?,#NAME?,0,pre-pattern 
74,74,0,100,90,101,190,#NAME?,#NAME?,#NAME?,#NAME?,#NAME?,#NAME?,#NAME?,1,drawn_seg 
74,74,0,100,190,100,191,#NAME?,#NAME?,#NAME?,#NAME?,#NAME?,#NAME?,#NAME?,0,post-pattern 
74,74,4,100,191,101,177,#NAME?,#NAME?,100,207,101,-15,#NAME?,0,travel 
75,75,0,101,177,101,189,#NAME?,#NAME?,#NAME?,#NAME?,#NAME?,#NAME?,#NAME?,0,pre-pattern 
75,75,0,101,189,101,191,#NAME?,#NAME?,#NAME?,#NAME?,#NAME?,#NAME?,#NAME?,1,drawn_seg 
75,75,0,101,191,101,192,#NAME?,#NAME?,#NAME?,#NAME?,#NAME?,#NAME?,#NAME?,0,post-pattern 
75,75,4,101,192,99,203,#NAME?,#NAME?,101,208,99,395,#NAME?,0,travel 
76,76,0,99,203,99,191,#NAME?,#NAME?,#NAME?,#NAME?,#NAME?,#NAME?,#NAME?,0,pre-pattern 
76,76,0,99,191,99,189,#NAME?,#NAME?,#NAME?,#NAME?,#NAME?,#NAME?,#NAME?,1,drawn_seg 
76,76,0,99,189,99,188,#NAME?,#NAME?,#NAME?,#NAME?,#NAME?,#NAME?,#NAME?,0,post-pattern 
76,76,4,99,188,102,177,#NAME?,#NAME?,99,172,102,-15,#NAME?,0,travel 
77,77,0,102,177,102,189,#NAME?,#NAME?,#NAME?,#NAME?,#NAME?,#NAME?,#NAME?,0,pre-pattern 
77,77,0,102,189,102,191,#NAME?,#NAME?,#NAME?,#NAME?,#NAME?,#NAME?,#NAME?,1,drawn_seg 
77,77,0,102,191,102,192,#NAME?,#NAME?,#NAME?,#NAME?,#NAME?,#NAME?,#NAME?,0,post-pattern 
77,77,4,102,192,98,203,#NAME?,#NAME?,102,208,98,395,#NAME?,0,travel 
78,78,0,98,203,98,191,#NAME?,#NAME?,#NAME?,#NAME?,#NAME?,#NAME?,#NAME?,0,pre-pattern 
78,78,0,98,191,98,189,#NAME?,#NAME?,#NAME?,#NAME?,#NAME?,#NAME?,#NAME?,1,drawn_seg 
78,78,0,98,189,98,188,#NAME?,#NAME?,#NAME?,#NAME?,#NAME?,#NAME?,#NAME?,0,post-pattern 
78,78,4,98,188,103,177,#NAME?,#NAME?,98,172,103,-15,#NAME?,0,travel 
79,79,0,103,177,103,189,#NAME?,#NAME?,#NAME?,#NAME?,#NAME?,#NAME?,#NAME?,0,pre-pattern 
79,79,0,103,189,103,191,#NAME?,#NAME?,#NAME?,#NAME?,#NAME?,#NAME?,#NAME?,1,drawn_seg 
79,79,0,103,191,103,192,#NAME?,#NAME?,#NAME?,#NAME?,#NAME?,#NAME?,#NAME?,0,post-pattern 
79,79,4,103,192,97,203,#NAME?,#NAME?,103,208,97,395,#NAME?,0,travel 
80,80,0,97,203,97,191,#NAME?,#NAME?,#NAME?,#NAME?,#NAME?,#NAME?,#NAME?,0,pre-pattern 
80,80,0,97,191,97,189,#NAME?,#NAME?,#NAME?,#NAME?,#NAME?,#NAME?,#NAME?,1,drawn_seg 
80,80,0,97,189,97,188,#NAME?,#NAME?,#NAME?,#NAME?,#NAME?,#NAME?,#NAME?,0,post-pattern 
80,80,4,97,188,104,177,#NAME?,#NAME?,97,172,104,-15,#NAME?,0,travel 
81,81,0,104,177,104,189,#NAME?,#NAME?,#NAME?,#NAME?,#NAME?,#NAME?,#NAME?,0,pre-pattern 
81,81,0,104,189,104,191,#NAME?,#NAME?,#NAME?,#NAME?,#NAME?,#NAME?,#NAME?,1,drawn_seg 
81,81,0,104,191,104,192,#NAME?,#NAME?,#NAME?,#NAME?,#NAME?,#NAME?,#NAME?,0,post-pattern 
81,81,4,104,192,96,203,#NAME?,#NAME?,104,208,96,395,#NAME?,0,travel 
82,82,0,96,203,96,191,#NAME?,#NAME?,#NAME?,#NAME?,#NAME?,#NAME?,#NAME?,0,pre-pattern 
82,82,0,96,191,96,189,#NAME?,#NAME?,#NAME?,#NAME?,#NAME?,#NAME?,#NAME?,1,drawn_seg 
82,82,0,96,189,96,188,#NAME?,#NAME?,#NAME?,#NAME?,#NAME?,#NAME?,#NAME?,0,post-pattern 
82,82,4,96,188,105,177,#NAME?,#NAME?,96,172,105,-15,#NAME?,0,travel 
83,83,0,105,177,105,189,#NAME?,#NAME?,#NAME?,#NAME?,#NAME?,#NAME?,#NAME?,0,pre-pattern 
83,83,0,105,189,105,191,#NAME?,#NAME?,#NAME?,#NAME?,#NAME?,#NAME?,#NAME?,1,drawn_seg 
83,83,0,105,191,105,192,#NAME?,#NAME?,#NAME?,#NAME?,#NAME?,#NAME?,#NAME?,0,post-pattern 
83,83,4,105,192,95,203,#NAME?,#NAME?,105,208,95,395,#NAME?,0,travel 
84,84,0,95,203,95,191,#NAME?,#NAME?,#NAME?,#NAME?,#NAME?,#NAME?,#NAME?,0,pre-pattern 
84,84,0,95,191,95,189,#NAME?,#NAME?,#NAME?,#NAME?,#NAME?,#NAME?,#NAME?,1,drawn_seg 
84,84,0,95,189,95,188,#NAME?,#NAME?,#NAME?,#NAME?,#NAME?,#NAME?,#NAME?,0,post-pattern 
84,84,4,95,188,106,176,#NAME?,#NAME?,95,172,106,-16,#NAME?,0,travel 
85,85,0,106,176,106,188,#NAME?,#NAME?,#NAME?,#NAME?,#NAME?,#NAME?,#NAME?,0,pre-pattern 
85,85,0,106,188,106,192,#NAME?,#NAME?,#NAME?,#NAME?,#NAME?,#NAME?,#NAME?,1,drawn_seg 
85,85,0,106,192,106,193,#NAME?,#NAME?,#NAME?,#NAME?,#NAME?,#NAME?,#NAME?,0,post-pattern 
85,85,4,106,193,94,204,#NAME?,#NAME?,106,209,94,396,#NAME?,0,travel 
86,86,0,94,204,94,192,#NAME?,#NAME?,#NAME?,#NAME?,#NAME?,#NAME?,#NAME?,0,pre-pattern 
86,86,0,94,192,94,188,#NAME?,#NAME?,#NAME?,#NAME?,#NAME?,#NAME?,#NAME?,1,drawn_seg 
86,86,0,94,188,94,187,#NAME?,#NAME?,#NAME?,#NAME?,#NAME?,#NAME?,#NAME?,0,post-pattern 
86,86,4,94,187,107,176,#NAME?,#NAME?,94,171,107,-16,#NAME?,0,travel 
87,87,0,107,176,107,188,#NAME?,#NAME?,#NAME?,#NAME?,#NAME?,#NAME?,#NAME?,0,pre-pattern 
87,87,0,107,188,107,192,#NAME?,#NAME?,#NAME?,#NAME?,#NAME?,#NAME?,#NAME?,1,drawn_seg 
87,87,0,107,192,107,193,#NAME?,#NAME?,#NAME?,#NAME?,#NAME?,#NAME?,#NAME?,0,post-pattern 
87,87,4,107,193,93,204,#NAME?,#NAME?,107,209,93,396,#NAME?,0,travel 
88,88,0,93,204,93,192,#NAME?,#NAME?,#NAME?,#NAME?,#NAME?,#NAME?,#NAME?,0,pre-pattern 
88,88,0,93,192,93,188,#NAME?,#NAME?,#NAME?,#NAME?,#NAME?,#NAME?,#NAME?,1,drawn_seg 
88,88,0,93,188,93,187,#NAME?,#NAME?,#NAME?,#NAME?,#NAME?,#NAME?,#NAME?,0,post-pattern 
88,88,4,93,187,108,176,#NAME?,#NAME?,93,171,108,-16,#NAME?,0,travel 
89,89,0,108,176,108,188,#NAME?,#NAME?,#NAME?,#NAME?,#NAME?,#NAME?,#NAME?,0,pre-pattern 
89,89,0,108,188,108,192,#NAME?,#NAME?,#NAME?,#NAME?,#NAME?,#NAME?,#NAME?,1,drawn_seg 
89,89,0,108,192,108,193,#NAME?,#NAME?,#NAME?,#NAME?,#NAME?,#NAME?,#NAME?,0,post-pattern 
89,89,4,108,193,92,204,#NAME?,#NAME?,108,209,92,396,#NAME?,0,travel 
90,90,0,92,204,92,192,#NAME?,#NAME?,#NAME?,#NAME?,#NAME?,#NAME?,#NAME?,0,pre-pattern 
90,90,0,92,192,92,188,#NAME?,#NAME?,#NAME?,#NAME?,#NAME?,#NAME?,#NAME?,1,drawn_seg 
90,90,0,92,188,92,187,#NAME?,#NAME?,#NAME?,#NAME?,#NAME?,#NAME?,#NAME?,0,post-pattern 
90,90,4,92,187,109,175,#NAME?,#NAME?,92,171,109,-17,#NAME?,0,travel 
91,91,0,109,175,109,187,#NAME?,#NAME?,#NAME?,#NAME?,#NAME?,#NAME?,#NAME?,0,pre-pattern 
91,91,0,109,187,109,193,#NAME?,#NAME?,#NAME?,#NAME?,#NAME?,#NAME?,#NAME?,1,drawn_seg 
91,91,0,109,193,109,194,#NAME?,#NAME?,#NAME?,#NAME?,#NAME?,#NAME?,#NAME?,0,post-pattern 
91,91,4,109,194,91,205,#NAME?,#NAME?,109,210,91,397,#NAME?,0,travel 
92,92,0,91,205,91,193,#NAME?,#NAME?,#NAME?,#NAME?,#NAME?,#NAME?,#NAME?,0,pre-pattern 
92,92,0,91,193,91,187,#NAME?,#NAME?,#NAME?,#NAME?,#NAME?,#NAME?,#NAME?,1,drawn_seg 
92,92,0,91,187,91,186,#NAME?,#NAME?,#NAME?,#NAME?,#NAME?,#NAME?,#NAME?,0,post-pattern 
92,92,4,91,186,110,175,#NAME?,#NAME?,91,170,110,-17,#NAME?,0,travel 
93,93,0,110,175,110,187,#NAME?,#NAME?,#NAME?,#NAME?,#NAME?,#NAME?,#NAME?,0,pre-pattern 
93,93,0,110,187,110,193,#NAME?,#NAME?,#NAME?,#NAME?,#NAME?,#NAME?,#NAME?,1,drawn_seg 
93,93,0,110,193,110,194,#NAME?,#NAME?,#NAME?,#NAME?,#NAME?,#NAME?,#NAME?,0,post-pattern 
93,93,4,110,194,90,205,#NAME?,#NAME?,110,210,90,397,#NAME?,0,travel 
94,94,0,90,205,90,193,#NAME?,#NAME?,#NAME?,#NAME?,#NAME?,#NAME?,#NAME?,0,pre-pattern 
94,94,0,90,193,90,187,#NAME?,#NAME?,#NAME?,#NAME?,#NAME?,#NAME?,#NAME?,1,drawn_seg 
94,94,0,90,187,90,186,#NAME?,#NAME?,#NAME?,#NAME?,#NAME?,#NAME?,#NAME?,0,post-pattern 
94,94,4,90,186,111,174,#NAME?,#NAME?,90,170,111,-18,#NAME?,0,travel 
95,95,0,111,174,111,186,#NAME?,#NAME?,#NAME?,#NAME?,#NAME?,#NAME?,#NAME?,0,pre-pattern 
95,95,0,111,186,111,194,#NAME?,#NAME?,#NAME?,#NAME?,#NAME?,#NAME?,#NAME?,1,drawn_seg 
95,95,0,111,194,111,195,#NAME?,#NAME?,#NAME?,#NAME?,#NAME?,#NAME?,#NAME?,0,post-pattern 
95,95,4,111,195,89,206,#NAME?,#NAME?,111,211,89,398,#NAME?,0,travel 
96,96,0,89,206,89,194,#NAME?,#NAME?,#NAME?,#NAME?,#NAME?,#NAME?,#NAME?,0,pre-pattern 
96,96,0,89,194,89,186,#NAME?,#NAME?,#NAME?,#NAME?,#NAME?,#NAME?,#NAME?,1,drawn_seg 
96,96,0,89,186,89,185,#NAME?,#NAME?,#NAME?,#NAME?,#NAME?,#NAME?,#NAME?,0,post-pattern 
96,96,4,89,185,112,173,#NAME?,#NAME?,89,169,112,-19,#NAME?,0,travel 
97,97,0,112,173,112,185,#NAME?,#NAME?,#NAME?,#NAME?,#NAME?,#NAME?,#NAME?,0,pre-pattern 
97,97,0,112,185,112,195,#NAME?,#NAME?,#NAME?,#NAME?,#NAME?,#NAME?,#NAME?,1,drawn_seg 
97,97,0,112,195,112,196,#NAME?,#NAME?,#NAME?,#NAME?,#NAME?,#NAME?,#NAME?,0,post-pattern 
97,97,4,112,196,88,207,#NAME?,#NAME?,112,212,88,399,#NAME?,0,travel 
98,98,0,88,207,88,195,#NAME?,#NAME?,#NAME?,#NAME?,#NAME?,#NAME?,#NAME?,0,pre-pattern 
98,98,0,88,195,88,185,#NAME?,#NAME?,#NAME?,#NAME?,#NAME?,#NAME?,#NAME?,1,drawn_seg 
98,98,0,88,185,88,184,#NAME?,#NAME?,#NAME?,#NAME?,#NAME?,#NAME?,#NAME?,0,post-pattern 
98,98,4,88,184,113,173,#NAME?,#NAME?,88,168,113,-19,#NAME?,0,travel 
99,99,0,113,173,113,185,#NAME?,#NAME?,#NAME?,#NAME?,#NAME?,#NAME?,#NAME?,0,pre-pattern 
99,99,0,113,185,113,195,#NAME?,#NAME?,#NAME?,#NAME?,#NAME?,#NAME?,#NAME?,1,drawn_seg 
99,99,0,113,195,113,196,#NAME?,#NAME?,#NAME?,#NAME?,#NAME?,#NAME?,#NAME?,0,post-pattern 
99,99,4,113,196,87,207,#NAME?,#NAME?,113,212,87,399,#NAME?,0,travel 
100,100,0,87,207,87,195,#NAME?,#NAME?,#NAME?,#NAME?,#NAME?,#NAME?,#NAME?,0,pre-pattern 
100,100,0,87,195,87,185,#NAME?,#NAME?,#NAME?,#NAME?,#NAME?,#NAME?,#NAME?,1,drawn_seg 
100,100,0,87,185,87,184,#NAME?,#NAME?,#NAME?,#NAME?,#NAME?,#NAME?,#NAME?,0,post-pattern 
100,100,4,87,184,114,172,#NAME?,#NAME?,87,168,114,-20,#NAME?,0,travel 
101,101,0,114,172,114,184,#NAME?,#NAME?,#NAME?,#NAME?,#NAME?,#NAME?,#NAME?,0,pre-pattern 
101,101,0,114,184,114,196,#NAME?,#NAME?,#NAME?,#NAME?,#NAME?,#NAME?,#NAME?,1,drawn_seg 
101,101,0,114,196,114,197,#NAME?,#NAME?,#NAME?,#NAME?,#NAME?,#NAME?,#NAME?,0,post-pattern 
101,101,4,114,197,86,208,#NAME?,#NAME?,114,213,86,400,#NAME?,0,travel 
102,102,0,86,208,86,196,#NAME?,#NAME?,#NAME?,#NAME?,#NAME?,#NAME?,#NAME?,0,pre-pattern 
102,102,0,86,196,86,184,#NAME?,#NAME?,#NAME?,#NAME?,#NAME?,#NAME?,#NAME?,1,drawn_seg 
102,102,0,86,184,86,183,#NAME?,#NAME?,#NAME?,#NAME?,#NAME?,#NAME?,#NAME?,0,post-pattern 
102,102,4,86,183,115,171,#NAME?,#NAME?,86,167,115,-21,#NAME?,0,travel 
103,103,0,115,171,115,183,#NAME?,#NAME?,#NAME?,#NAME?,#NAME?,#NAME?,#NAME?,0,pre-pattern 
103,103,0,115,183,115,197,#NAME?,#NAME?,#NAME?,#NAME?,#NAME?,#NAME?,#NAME?,1,drawn_seg 
103,103,0,115,197,115,198,#NAME?,#NAME?,#NAME?,#NAME?,#NAME?,#NAME?,#NAME?,0,post-pattern 
103,103,4,115,198,85,209,#NAME?,#NAME?,115,214,85,401,#NAME?,0,travel 
104,104,0,85,209,85,197,#NAME?,#NAME?,#NAME?,#NAME?,#NAME?,#NAME?,#NAME?,0,pre-pattern 
104,104,0,85,197,85,183,#NAME?,#NAME?,#NAME?,#NAME?,#NAME?,#NAME?,#NAME?,1,drawn_seg 
104,104,0,85,183,85,182,#NAME?,#NAME?,#NAME?,#NAME?,#NAME?,#NAME?,#NAME?,0,post-pattern 
104,104,4,85,182,116,170,#NAME?,#NAME?,85,166,116,-22,#NAME?,0,travel 
105,105,0,116,170,116,182,#NAME?,#NAME?,#NAME?,#NAME?,#NAME?,#NAME?,#NAME?,0,pre-pattern 
105,105,0,116,182,116,198,#NAME?,#NAME?,#NAME?,#NAME?,#NAME?,#NAME?,#NAME?,1,drawn_seg 
105,105,0,116,198,116,199,#NAME?,#NAME?,#NAME?,#NAME?,#NAME?,#NAME?,#NAME?,0,post-pattern 
105,105,4,116,199,84,210,#NAME?,#NAME?,116,215,84,402,#NAME?,0,travel 
106,106,0,84,210,84,198,#NAME?,#NAME?,#NAME?,#NAME?,#NAME?,#NAME?,#NAME?,0,pre-pattern 
106,106,0,84,198,84,182,#NAME?,#NAME?,#NAME?,#NAME?,#NAME?,#NAME?,#NAME?,1,drawn_seg 
106,106,0,84,182,84,181,#NAME?,#NAME?,#NAME?,#NAME?,#NAME?,#NAME?,#NAME?,0,post-pattern 
106,106,4,84,181,117,169,#NAME?,#NAME?,84,165,117,-23,#NAME?,0,travel 
107,107,0,117,169,117,181,#NAME?,#NAME?,#NAME?,#NAME?,#NAME?,#NAME?,#NAME?,0,pre-pattern 
107,107,0,117,181,117,199,#NAME?,#NAME?,#NAME?,#NAME?,#NAME?,#NAME?,#NAME?,1,drawn_seg 
107,107,0,117,199,117,200,#NAME?,#NAME?,#NAME?,#NAME?,#NAME?,#NAME?,#NAME?,0,post-pattern 
107,107,4,117,200,83,211,#NAME?,#NAME?,117,216,83,403,#NAME?,0,travel 
108,108,0,83,211,83,199,#NAME?,#NAME?,#NAME?,#NAME?,#NAME?,#NAME?,#NAME?,0,pre-pattern 
108,108,0,83,199,83,181,#NAME?,#NAME?,#NAME?,#NAME?,#NAME?,#NAME?,#NAME?,1,drawn_seg 
108,108,0,83,181,83,180,#NAME?,#NAME?,#NAME?,#NAME?,#NAME?,#NAME?,#NAME?,0,post-pattern 
108,108,4,83,180,118,167,#NAME?,#NAME?,83,164,118,-25,#NAME?,0,travel 
109,109,0,118,167,118,179,#NAME?,#NAME?,#NAME?,#NAME?,#NAME?,#NAME?,#NAME?,0,pre-pattern 
109,109,0,118,179,118,201,#NAME?,#NAME?,#NAME?,#NAME?,#NAME?,#NAME?,#NAME?,1,drawn_seg 
109,109,0,118,201,118,202,#NAME?,#NAME?,#NAME?,#NAME?,#NAME?,#NAME?,#NAME?,0,post-pattern 
109,109,4,118,202,82,213,#NAME?,#NAME?,118,218,82,405,#NAME?,0,travel 
110,110,0,82,213,82,201,#NAME?,#NAME?,#NAME?,#NAME?,#NAME?,#NAME?,#NAME?,0,pre-pattern 
110,110,0,82,201,82,179,#NAME?,#NAME?,#NAME?,#NAME?,#NAME?,#NAME?,#NAME?,1,drawn_seg 
110,110,0,82,179,82,178,#NAME?,#NAME?,#NAME?,#NAME?,#NAME?,#NAME?,#NAME?,0,post-pattern 
110,110,4,82,178,119,166,#NAME?,#NAME?,82,162,119,-26,#NAME?,0,travel 
111,111,0,119,166,119,178,#NAME?,#NAME?,#NAME?,#NAME?,#NAME?,#NAME?,#NAME?,0,pre-pattern 
111,111,0,119,178,119,202,#NAME?,#NAME?,#NAME?,#NAME?,#NAME?,#NAME?,#NAME?,1,drawn_seg 
111,111,0,119,202,119,203,#NAME?,#NAME?,#NAME?,#NAME?,#NAME?,#NAME?,#NAME?,0,post-pattern 
111,111,4,119,203,81,214,#NAME?,#NAME?,119,219,81,406,#NAME?,0,travel 
112,112,0,81,214,81,202,#NAME?,#NAME?,#NAME?,#NAME?,#NAME?,#NAME?,#NAME?,0,pre-pattern 
112,112,0,81,202,81,178,#NAME?,#NAME?,#NAME?,#NAME?,#NAME?,#NAME?,#NAME?,1,drawn_seg 
112,112,0,81,178,81,177,#NAME?,#NAME?,#NAME?,#NAME?,#NAME?,#NAME?,#NAME?,0,post-pattern 
112,112,4,81,177,120,165,#NAME?,#NAME?,81,161,120,-27,#NAME?,0,travel 
113,113,0,120,165,120,177,#NAME?,#NAME?,#NAME?,#NAME?,#NAME?,#NAME?,#NAME?,0,pre-pattern 
113,113,0,120,177,120,203,#NAME?,#NAME?,#NAME?,#NAME?,#NAME?,#NAME?,#NAME?,1,drawn_seg 
113,113,0,120,203,120,204,#NAME?,#NAME?,#NAME?,#NAME?,#NAME?,#NAME?,#NAME?,0,post-pattern 
113,113,4,120,204,80,215,#NAME?,#NAME?,120,220,80,407,#NAME?,0,travel 
114,114,0,80,215,80,203,#NAME?,#NAME?,#NAME?,#NAME?,#NAME?,#NAME?,#NAME?,0,pre-pattern 
114,114,0,80,203,80,177,#NAME?,#NAME?,#NAME?,#NAME?,#NAME?,#NAME?,#NAME?,1,drawn_seg 
114,114,0,80,177,80,176,#NAME?,#NAME?,#NAME?,#NAME?,#NAME?,#NAME?,#NAME?,0,post-pattern 
114,114,4,80,176,121,163,#NAME?,#NAME?,80,160,121,-29,#NAME?,0,travel 
115,115,0,121,163,121,175,#NAME?,#NAME?,#NAME?,#NAME?,#NAME?,#NAME?,#NAME?,0,pre-pattern 
115,115,0,121,175,121,205,#NAME?,#NAME?,#NAME?,#NAME?,#NAME?,#NAME?,#NAME?,1,drawn_seg 
115,115,0,121,205,121,206,#NAME?,#NAME?,#NAME?,#NAME?,#NAME?,#NAME?,#NAME?,0,post-pattern 
115,115,4,121,206,79,217,#NAME?,#NAME?,121,222,79,409,#NAME?,0,travel 
116,116,0,79,217,79,205,#NAME?,#NAME?,#NAME?,#NAME?,#NAME?,#NAME?,#NAME?,0,pre-pattern 
116,116,0,79,205,79,175,#NAME?,#NAME?,#NAME?,#NAME?,#NAME?,#NAME?,#NAME?,1,drawn_seg 
116,116,0,79,175,79,174,#NAME?,#NAME?,#NAME?,#NAME?,#NAME?,#NAME?,#NAME?,0,post-pattern 
116,116,4,79,174,122,161,#NAME?,#NAME?,79,158,122,-31,#NAME?,0,travel 
117,117,0,122,161,122,173,#NAME?,#NAME?,#NAME?,#NAME?,#NAME?,#NAME?,#NAME?,0,pre-pattern 
117,117,0,122,173,122,207,#NAME?,#NAME?,#NAME?,#NAME?,#NAME?,#NAME?,#NAME?,1,drawn_seg 
117,117,0,122,207,122,208,#NAME?,#NAME?,#NAME?,#NAME?,#NAME?,#NAME?,#NAME?,0,post-pattern 
117,117,4,122,208,78,219,#NAME?,#NAME?,122,224,78,411,#NAME?,0,travel 
118,118,0,78,219,78,207,#NAME?,#NAME?,#NAME?,#NAME?,#NAME?,#NAME?,#NAME?,0,pre-pattern 
118,118,0,78,207,78,173,#NAME?,#NAME?,#NAME?,#NAME?,#NAME?,#NAME?,#NAME?,1,drawn_seg 
118,118,0,78,173,78,172,#NAME?,#NAME?,#NAME?,#NAME?,#NAME?,#NAME?,#NAME?,0,post-pattern 
118,118,4,78,172,123,160,#NAME?,#NAME?,78,156,123,-32,#NAME?,0,travel 
119,119,0,123,160,123,172,#NAME?,#NAME?,#NAME?,#NAME?,#NAME?,#NAME?,#NAME?,0,pre-pattern 
119,119,0,123,172,123,208,#NAME?,#NAME?,#NAME?,#NAME?,#NAME?,#NAME?,#NAME?,1,drawn_seg 
119,119,0,123,208,123,209,#NAME?,#NAME?,#NAME?,#NAME?,#NAME?,#NAME?,#NAME?,0,post-pattern 
119,119,4,123,209,77,220,#NAME?,#NAME?,123,225,77,412,#NAME?,0,travel 
120,120,0,77,220,77,208,#NAME?,#NAME?,#NAME?,#NAME?,#NAME?,#NAME?,#NAME?,0,pre-pattern 
120,120,0,77,208,77,172,#NAME?,#NAME?,#NAME?,#NAME?,#NAME?,#NAME?,#NAME?,1,drawn_seg 
120,120,0,77,172,77,171,#NAME?,#NAME?,#NAME?,#NAME?,#NAME?,#NAME?,#NAME?,0,post-pattern 
120,120,4,77,171,124,157,#NAME?,#NAME?,77,155,124,-35,#NAME?,0,travel 
121,121,0,124,157,124,169,#NAME?,#NAME?,#NAME?,#NAME?,#NAME?,#NAME?,#NAME?,0,pre-pattern 
121,121,0,124,169,124,211,#NAME?,#NAME?,#NAME?,#NAME?,#NAME?,#NAME?,#NAME?,1,drawn_seg 
121,121,0,124,211,124,212,#NAME?,#NAME?,#NAME?,#NAME?,#NAME?,#NAME?,#NAME?,0,post-pattern 
121,121,4,124,212,76,223,#NAME?,#NAME?,124,228,76,415,#NAME?,0,travel 
122,122,0,76,223,76,211,#NAME?,#NAME?,#NAME?,#NAME?,#NAME?,#NAME?,#NAME?,0,pre-pattern 
122,122,0,76,211,76,169,#NAME?,#NAME?,#NAME?,#NAME?,#NAME?,#NAME?,#NAME?,1,drawn_seg 
122,122,0,76,169,76,168,#NAME?,#NAME?,#NAME?,#NAME?,#NAME?,#NAME?,#NAME?,0,post-pattern 
122,122,4,76,168,125,155,#NAME?,#NAME?,76,152,125,-37,#NAME?,0,travel 
123,123,0,125,155,125,167,#NAME?,#NAME?,#NAME?,#NAME?,#NAME?,#NAME?,#NAME?,0,pre-pattern 
123,123,0,125,167,125,213,#NAME?,#NAME?,#NAME?,#NAME?,#NAME?,#NAME?,#NAME?,1,drawn_seg 
123,123,0,125,213,125,214,#NAME?,#NAME?,#NAME?,#NAME?,#NAME?,#NAME?,#NAME?,0,post-pattern 
123,123,4,125,214,75,225,#NAME?,#NAME?,125,230,75,417,#NAME?,0,travel 
124,124,0,75,225,75,213,#NAME?,#NAME?,#NAME?,#NAME?,#NAME?,#NAME?,#NAME?,0,pre-pattern 
124,124,0,75,213,75,167,#NAME?,#NAME?,#NAME?,#NAME?,#NAME?,#NAME?,#NAME?,1,drawn_seg 
124,124,0,75,167,75,166,#NAME?,#NAME?,#NAME?,#NAME?,#NAME?,#NAME?,#NAME?,0,post-pattern 
124,124,4,75,166,126,152,#NAME?,#NAME?,75,150,126,-40,#NAME?,0,travel 
125,125,0,126,152,126,164,#NAME?,#NAME?,#NAME?,#NAME?,#NAME?,#NAME?,#NAME?,0,pre-pattern 
125,125,0,126,164,126,216,#NAME?,#NAME?,#NAME?,#NAME?,#NAME?,#NAME?,#NAME?,1,drawn_seg 
125,125,0,126,216,126,217,#NAME?,#NAME?,#NAME?,#NAME?,#NAME?,#NAME?,#NAME?,0,post-pattern 
125,125,4,126,217,74,228,#NAME?,#NAME?,126,233,74,420,#NAME?,0,travel 
126,126,0,74,228,74,216,#NAME?,#NAME?,#NAME?,#NAME?,#NAME?,#NAME?,#NAME?,0,pre-pattern 
126,126,0,74,216,74,164,#NAME?,#NAME?,#NAME?,#NAME?,#NAME?,#NAME?,#NAME?,1,drawn_seg 
126,126,0,74,164,74,163,#NAME?,#NAME?,#NAME?,#NAME?,#NAME?,#NAME?,#NAME?,0,post-pattern 
126,126,4,74,163,127,149,#NAME?,#NAME?,74,147,127,-43,#NAME?,0,travel 
127,127,0,127,149,127,161,#NAME?,#NAME?,#NAME?,#NAME?,#NAME?,#NAME?,#NAME?,0,pre-pattern 
127,127,0,127,161,127,219,#NAME?,#NAME?,#NAME?,#NAME?,#NAME?,#NAME?,#NAME?,1,drawn_seg 
127,127,0,127,219,127,220,#NAME?,#NAME?,#NAME?,#NAME?,#NAME?,#NAME?,#NAME?,0,post-pattern 
127,127,4,127,220,73,231,#NAME?,#NAME?,127,236,73,423,#NAME?,0,travel 
128,128,0,73,231,73,219,#NAME?,#NAME?,#NAME?,#NAME?,#NAME?,#NAME?,#NAME?,0,pre-pattern 
128,128,0,73,219,73,161,#NAME?,#NAME?,#NAME?,#NAME?,#NAME?,#NAME?,#NAME?,1,drawn_seg 
128,128,0,73,161,73,160,#NAME?,#NAME?,#NAME?,#NAME?,#NAME?,#NAME?,#NAME?,0,post-pattern 
128,128,4,73,160,128,145,#NAME?,#NAME?,73,144,128,-47,#NAME?,0,travel 
129,129,0,128,145,128,157,#NAME?,#NAME?,#NAME?,#NAME?,#NAME?,#NAME?,#NAME?,0,pre-pattern 
129,129,0,128,157,128,223,#NAME?,#NAME?,#NAME?,#NAME?,#NAME?,#NAME?,#NAME?,1,drawn_seg 
129,129,0,128,223,128,224,#NAME?,#NAME?,#NAME?,#NAME?,#NAME?,#NAME?,#NAME?,0,post-pattern 
129,129,4,128,224,72,235,#NAME?,#NAME?,128,240,72,427,#NAME?,0,travel 
130,130,0,72,235,72,223,#NAME?,#NAME?,#NAME?,#NAME?,#NAME?,#NAME?,#NAME?,0,pre-pattern 
130,130,0,72,223,72,157,#NAME?,#NAME?,#NAME?,#NAME?,#NAME?,#NAME?,#NAME?,1,drawn_seg 
130,130,0,72,157,72,156,#NAME?,#NAME?,#NAME?,#NAME?,#NAME?,#NAME?,#NAME?,0,post-pattern 
130,130,4,72,156,129,140,#NAME?,#NAME?,72,140,129,-52,#NAME?,0,travel 
131,131,0,129,140,129,152,#NAME?,#NAME?,#NAME?,#NAME?,#NAME?,#NAME?,#NAME?,0,pre-pattern 
131,131,0,129,152,129,228,#NAME?,#NAME?,#NAME?,#NAME?,#NAME?,#NAME?,#NAME?,1,drawn_seg 
131,131,0,129,228,129,229,#NAME?,#NAME?,#NAME?,#NAME?,#NAME?,#NAME?,#NAME?,0,post-pattern 
131,131,4,129,229,71,240,#NAME?,#NAME?,129,245,71,432,#NAME?,0,travel 
132,132,0,71,240,71,228,#NAME?,#NAME?,#NAME?,#NAME?,#NAME?,#NAME?,#NAME?,0,pre-pattern 
132,132,0,71,228,71,152,#NAME?,#NAME?,#NAME?,#NAME?,#NAME?,#NAME?,#NAME?,1,drawn_seg 
133,3,2,100,140,70,140,30,50,#NAME?,#NAME?,#NAME?,#NAME?,1,1,drawn_seg 
134,134,0,30,3,31,3,#NAME?,#NAME?,#NAME?,#NAME?,#NAME?,#NAME?,#NAME?,0,post-pattern 
134,134,4,31,3,-2,3,#NAME?,#NAME?,52,3,-254,3,#NAME?,0,travel 
